Job Title,Job Family,Career Track and Level,Job Description
Software Developer,Software Engineering,P4,"Responsible for designing, developing, and maintaining both front-end and back-end components of web applications, this role ensures seamless functionality across platforms. Collaborates closely with UI/UX designers, project managers, and other developers to deliver responsive, scalable solutions. Utilizes programming languages such as JavaScript, HTML, CSS, and server-side technologies like Node.js or Python to implement robust features. Strong problem-solving and debugging abilities, coupled with proficiency in database management, are essential. Stays current with emerging web technologies and industry best practices to optimize application performance and user experience."
,,,
Web Developer,Software Engineering,P4,"This role involves designing, coding, and modifying websites to create visually appealing and user-friendly digital experiences. Responsibilities include developing website layouts, integrating data from back-end services, and ensuring cross-platform optimization for different devices. The position requires strong proficiency in HTML, CSS, JavaScript, and relevant web frameworks. Attention to detail, problem-solving abilities, and effective communication skills are essential for collaborating with designers and stakeholders. Staying current on industry trends and best practices is necessary to deliver modern and secure web solutions in accordance with organizational goals."
Project Manager,Project Management,M2-6,"This role is responsible for planning, executing, and closing projects within designated timelines and budgets. Duties include defining project scope, setting objectives, coordinating cross-functional teams, and managing resources. The position requires strong organizational, communication, and leadership skills to effectively guide team members and ensure stakeholder satisfaction. Additional responsibilities involve risk management, progress monitoring, and providing regular updates to senior management. Proficiency in project management tools and methodologies is essential for successful project delivery."
,,,
Sales Development Representative,Field Sales,S4,"This role is responsible for identifying and qualifying potential clients to generate new business opportunities. Key duties include conducting outbound prospecting via calls and emails, managing and updating customer relationship management (CRM) systems, and scheduling meetings between prospects and account executives. Strong communication and interpersonal skills are essential for effectively engaging leads and understanding client needs. The ability to work independently, meet targets, and manage time efficiently is required. Familiarity with sales processes and digital outreach tools is highly valued in this service-focused position."
Account Executive,Account Management,P2,"This role involves identifying and securing new business opportunities, as well as maintaining strong relationships with existing clients to drive service sales. Key responsibilities include conducting market research, developing tailored proposals, and negotiating contracts to meet revenue targets. The position requires excellent communication, presentation, and interpersonal skills, along with a strong ability to understand client needs and offer appropriate solutions. Regular collaboration with internal teams ensures successful service delivery and customer satisfaction. Analytical thinking and organization are essential for tracking progress and managing multiple accounts effectively."
,,,
,,,
Account Executive,Account Management,P2,"This role involves identifying and securing new business opportunities, as well as maintaining strong relationships with existing clients to drive service sales. Key responsibilities include conducting market research, developing tailored proposals, and negotiating contracts to meet revenue targets. The position requires excellent communication, presentation, and interpersonal skills, along with a strong ability to understand client needs and offer appropriate solutions. Regular collaboration with internal teams ensures successful service delivery and customer satisfaction. Analytical thinking and organization are essential for tracking progress and managing multiple accounts effectively."
Account Executive,Account Management,P3,"This role involves identifying and securing new business opportunities, as well as maintaining strong relationships with existing clients to drive service sales. Key responsibilities include conducting market research, developing tailored proposals, and negotiating contracts to meet revenue targets. The position requires excellent communication, presentation, and interpersonal skills, along with a strong ability to understand client needs and offer appropriate solutions. Regular collaboration with internal teams ensures successful service delivery and customer satisfaction. Analytical thinking and organization are essential for tracking progress and managing multiple accounts effectively."
Account Executive,Account Management,P4,"This role involves identifying and securing new business opportunities, as well as maintaining strong relationships with existing clients to drive service sales. Key responsibilities include conducting market research, developing tailored proposals, and negotiating contracts to meet revenue targets. The position requires excellent communication, presentation, and interpersonal skills, along with a strong ability to understand client needs and offer appropriate solutions. Regular collaboration with internal teams ensures successful service delivery and customer satisfaction. Analytical thinking and organization are essential for tracking progress and managing multiple accounts effectively."
,,,
Software Engineering Manager,Software Engineering,M2-4,"This leadership role oversees the planning, coordination, and execution of software development projects within an engineering team. Responsibilities include setting technical direction, managing project timelines, and ensuring solutions align with organizational goals. Strong skills in software design, team leadership, and project management are essential. The position also involves mentoring engineers, conducting performance reviews, and fostering a collaborative development environment. Effective communication, problem-solving abilities, and a solid background in software architecture are required."
,,,
Business Development Representative,Field Sales,P2-4,"Responsible for identifying and cultivating new business opportunities, this role conducts outreach to prospective clients and nurtures relationships to drive company growth. Key tasks include delivering informative presentations, training clients on products or services, and supporting onboarding processes to ensure alignment with organizational learning objectives. Strong communication, persuasion, and interpersonal skills are essential, as is the ability to tailor messaging for diverse audiences. This position analyzes market trends and client needs to tailor training and development initiatives that maximize client engagement and satisfaction. Success in this role requires a blend of instructional ability, sales acumen, and a passion for supporting client development and retention."
Product Manager,Product Strategy,M4,"Overseeing the development and lifecycle of products, this role ensures alignment between company strategy and customer needs. Responsibilities include coordinating cross-functional teams, conducting market analysis, and defining product roadmaps. Strong leadership and communication skills are essential for driving project success and facilitating stakeholder collaboration. Financial acumen and the ability to interpret data guide effective decision-making. This position requires adaptability, organizational expertise, and a focus on delivering profitable, high-quality products within operational objectives."
Quality Assurance Engineer,Quality Assurance,P2-5,"Responsible for designing and executing test plans to ensure the functionality, reliability, and performance of software applications. Collaborates closely with developers and product teams to identify software defects, document issues, and verify resolutions. Utilizes automated and manual testing techniques, as well as specialized testing tools, to validate code quality and compliance with industry standards. Requires strong analytical skills, attention to detail, and proficiency in scripting or programming languages relevant to software testing. Demonstrates an understanding of the software development lifecycle (SDLC) and quality assurance methodologies within a collaborative team environment."
,,,
Software Developer,Software Engineering,P1-6,"Responsible for designing, developing, and maintaining both front-end and back-end components of web applications, this role ensures seamless functionality across platforms. Collaborates closely with UI/UX designers, project managers, and other developers to deliver responsive, scalable solutions. Utilizes programming languages such as JavaScript, HTML, CSS, and server-side technologies like Node.js or Python to implement robust features. Strong problem-solving and debugging abilities, coupled with proficiency in database management, are essential. Stays current with emerging web technologies and industry best practices to optimize application performance and user experience."
Software Developer,Software Engineering,P6,"Responsible for designing, developing, and maintaining both front-end and back-end components of web applications, this role ensures seamless functionality across platforms. Collaborates closely with UI/UX designers, project managers, and other developers to deliver responsive, scalable solutions. Utilizes programming languages such as JavaScript, HTML, CSS, and server-side technologies like Node.js or Python to implement robust features. Strong problem-solving and debugging abilities, coupled with proficiency in database management, are essential. Stays current with emerging web technologies and industry best practices to optimize application performance and user experience."
Cloud Engineer,Software Engineering,P4,"This professional designs, implements, and manages cloud infrastructure to support organizational needs and ensure seamless operations. They monitor system performance, troubleshoot issues, and optimize resources for reliability and scalability. The role requires expertise in cloud platforms, virtualization, network administration, and security best practices. Strong problem-solving skills and experience with automation tools are essential to maintain and improve system efficiency. Collaboration with cross-functional teams is key to deploying solutions that align with security and compliance standards."
Sales Development Representative,Field Sales,S2-4,"This role is responsible for identifying and qualifying potential clients to generate new business opportunities. Key duties include conducting outbound prospecting via calls and emails, managing and updating customer relationship management (CRM) systems, and scheduling meetings between prospects and account executives. Strong communication and interpersonal skills are essential for effectively engaging leads and understanding client needs. The ability to work independently, meet targets, and manage time efficiently is required. Familiarity with sales processes and digital outreach tools is highly valued in this service-focused position."
Sales Manager,Field Sales,M2,"Responsible for leading and motivating a team to achieve revenue targets through effective sales strategies and team management. Oversees the recruitment, training, and performance evaluations of sales staff, ensuring high standards and continuous professional development. Develops and implements sales plans based on market research and analysis to capture new business opportunities and maintain customer relationships. Collaborates closely with marketing and customer service departments to align sales goals with overall company objectives. Strong communication, leadership, analytical, and negotiation skills are essential, along with a proven ability to interpret sales metrics and drive team success."
Sales Development Representative Manager,Field Sales,M3-4,"Overseeing and guiding a team of representatives, this role focuses on developing effective sales strategies to drive lead generation and pipeline growth. Key responsibilities include setting performance goals, training team members on prospecting techniques, and analyzing metrics to identify areas for improvement. Regular collaboration with marketing and account executives ensures alignment of outreach efforts with overall business objectives. Strong leadership, communication, and data-driven decision-making skills are essential for success in this position. The role requires the ability to motivate teams, manage resources efficiently, and adapt strategies to meet evolving market conditions, in accordance with the responsibilities of sales managers under the SOC classification."
Account Executive,Account Management,P4,"This role involves identifying and securing new business opportunities, as well as maintaining strong relationships with existing clients to drive service sales. Key responsibilities include conducting market research, developing tailored proposals, and negotiating contracts to meet revenue targets. The position requires excellent communication, presentation, and interpersonal skills, along with a strong ability to understand client needs and offer appropriate solutions. Regular collaboration with internal teams ensures successful service delivery and customer satisfaction. Analytical thinking and organization are essential for tracking progress and managing multiple accounts effectively."
Product Manager,Product Strategy,M2,"Overseeing the development and lifecycle of products, this role ensures alignment between company strategy and customer needs. Responsibilities include coordinating cross-functional teams, conducting market analysis, and defining product roadmaps. Strong leadership and communication skills are essential for driving project success and facilitating stakeholder collaboration. Financial acumen and the ability to interpret data guide effective decision-making. This position requires adaptability, organizational expertise, and a focus on delivering profitable, high-quality products within operational objectives."
,,,
Cloud Engineer,Software Engineering,P1-6,"This professional designs, implements, and manages cloud infrastructure to support organizational needs and ensure seamless operations. They monitor system performance, troubleshoot issues, and optimize resources for reliability and scalability. The role requires expertise in cloud platforms, virtualization, network administration, and security best practices. Strong problem-solving skills and experience with automation tools are essential to maintain and improve system efficiency. Collaboration with cross-functional teams is key to deploying solutions that align with security and compliance standards."
Payroll Specialist,Payroll,P2-4,"This role is responsible for accurately processing employee time records and ensuring timely payroll distribution. Duties include maintaining payroll data, verifying hours worked, and calculating wages and deductions in compliance with company policies and legal regulations. Strong attention to detail, proficiency in payroll software, and familiarity with accounting principles are essential. Effective communication skills are important for addressing employee inquiries and coordinating with other departments. The position also involves preparing reports, maintaining confidentiality, and resolving discrepancies proactively."
,,,
Product Designer,UX/UI Design,P4,"This role focuses on creating and refining concepts for new or improved commercial and industrial products, balancing functionality, aesthetics, and user experience. Responsibilities include conducting user research, developing prototypes, and collaborating with engineering and marketing teams to ensure design feasibility and market fit. Proficiency in design software, strong visualization skills, and an understanding of manufacturing processes are essential. The position often requires presenting ideas and revisions to stakeholders, as well as iterating designs based on feedback. Attention to detail, problem-solving, and project management abilities are key for successfully bringing innovative products to market."
Product Designer,UX/UI Design,P2,"This role focuses on creating and refining concepts for new or improved commercial and industrial products, balancing functionality, aesthetics, and user experience. Responsibilities include conducting user research, developing prototypes, and collaborating with engineering and marketing teams to ensure design feasibility and market fit. Proficiency in design software, strong visualization skills, and an understanding of manufacturing processes are essential. The position often requires presenting ideas and revisions to stakeholders, as well as iterating designs based on feedback. Attention to detail, problem-solving, and project management abilities are key for successfully bringing innovative products to market."
Sales Development Representative,Field Sales,S2,"This role is responsible for identifying and qualifying potential clients to generate new business opportunities. Key duties include conducting outbound prospecting via calls and emails, managing and updating customer relationship management (CRM) systems, and scheduling meetings between prospects and account executives. Strong communication and interpersonal skills are essential for effectively engaging leads and understanding client needs. The ability to work independently, meet targets, and manage time efficiently is required. Familiarity with sales processes and digital outreach tools is highly valued in this service-focused position."
Web Developer,Software Engineering,P1-6,"This role involves designing, coding, and modifying websites to create visually appealing and user-friendly digital experiences. Responsibilities include developing website layouts, integrating data from back-end services, and ensuring cross-platform optimization for different devices. The position requires strong proficiency in HTML, CSS, JavaScript, and relevant web frameworks. Attention to detail, problem-solving abilities, and effective communication skills are essential for collaborating with designers and stakeholders. Staying current on industry trends and best practices is necessary to deliver modern and secure web solutions in accordance with organizational goals."
,,,
,,,
Executive Assistant,Administrative Support,S2,"This professional provides high-level administrative support to senior executives, managing schedules, communications, and confidential documents. Responsibilities include coordinating meetings, preparing reports, arranging travel, and ensuring efficient office operations. Strong organizational and time management skills are essential, as well as exceptional written and verbal communication abilities. Expertise with office software and discretion in handling sensitive information are also required. The role demands adaptability, attention to detail, and the ability to manage multiple priorities efficiently."
Software Engineering Manager,Software Engineering,M4,"This leadership role oversees the planning, coordination, and execution of software development projects within an engineering team. Responsibilities include setting technical direction, managing project timelines, and ensuring solutions align with organizational goals. Strong skills in software design, team leadership, and project management are essential. The position also involves mentoring engineers, conducting performance reviews, and fostering a collaborative development environment. Effective communication, problem-solving abilities, and a solid background in software architecture are required."
Web Developer,Software Engineering,P6,"This role involves designing, coding, and modifying websites to create visually appealing and user-friendly digital experiences. Responsibilities include developing website layouts, integrating data from back-end services, and ensuring cross-platform optimization for different devices. The position requires strong proficiency in HTML, CSS, JavaScript, and relevant web frameworks. Attention to detail, problem-solving abilities, and effective communication skills are essential for collaborating with designers and stakeholders. Staying current on industry trends and best practices is necessary to deliver modern and secure web solutions in accordance with organizational goals."
,,,
,,,
Sales Enablement Specialist,Field Sales,P3-4,"This role focuses on equipping sales teams with the tools, content, and training needed to drive performance and achieve revenue goals. Responsibilities include developing onboarding programs, creating sales collateral, and analyzing processes to identify opportunities for increased efficiency. Strong communication, project management, and data analysis abilities are essential for success in this position. Collaboration with marketing, product, and sales leadership is key to ensuring alignment and message consistency. The ideal candidate thrives in fast-paced environments and brings a strategic mindset to solving sales-related challenges."
Financial Analyst,Financial Planning & Analysis,P4,"This role evaluates loan applications by analyzing applicants’ financial status, credit, and property evaluations. Responsibilities include preparing detailed reports, verifying documentation, and ensuring compliance with lending policies and regulations. The position requires strong analytical skills, attention to detail, and the ability to communicate complex financial information clearly to clients and stakeholders. Proficiency in financial modeling and loan underwriting software is essential. Ensuring accurate risk assessments and facilitating responsible lending practices are key priorities in this position."
Technical Program Manager,Program Management,M4,"This role oversees the planning and execution of technical training programs, ensuring alignment with organizational goals and technology initiatives. Responsibilities include analyzing skill gaps, designing curriculum, and coordinating cross-functional teams to deliver impactful learning experiences. The position requires strong project management abilities, technical expertise, and excellent communication skills to facilitate collaboration between engineers, trainers, and stakeholders. They evaluate training outcomes and adapt programs to emerging technologies and business needs. A successful candidate demonstrates leadership in fostering a culture of continuous learning and professional growth within the organization."
,,,
Product Manager,Product Strategy,M2-6,"Overseeing the development and lifecycle of products, this role ensures alignment between company strategy and customer needs. Responsibilities include coordinating cross-functional teams, conducting market analysis, and defining product roadmaps. Strong leadership and communication skills are essential for driving project success and facilitating stakeholder collaboration. Financial acumen and the ability to interpret data guide effective decision-making. This position requires adaptability, organizational expertise, and a focus on delivering profitable, high-quality products within operational objectives."
Project Manager,Project Management,M2,"This role is responsible for planning, executing, and closing projects within designated timelines and budgets. Duties include defining project scope, setting objectives, coordinating cross-functional teams, and managing resources. The position requires strong organizational, communication, and leadership skills to effectively guide team members and ensure stakeholder satisfaction. Additional responsibilities involve risk management, progress monitoring, and providing regular updates to senior management. Proficiency in project management tools and methodologies is essential for successful project delivery."
Product Designer,UX/UI Design,P2-6,"This role focuses on creating and refining concepts for new or improved commercial and industrial products, balancing functionality, aesthetics, and user experience. Responsibilities include conducting user research, developing prototypes, and collaborating with engineering and marketing teams to ensure design feasibility and market fit. Proficiency in design software, strong visualization skills, and an understanding of manufacturing processes are essential. The position often requires presenting ideas and revisions to stakeholders, as well as iterating designs based on feedback. Attention to detail, problem-solving, and project management abilities are key for successfully bringing innovative products to market."
Account Executive,Account Management,P4,"This role involves identifying and securing new business opportunities, as well as maintaining strong relationships with existing clients to drive service sales. Key responsibilities include conducting market research, developing tailored proposals, and negotiating contracts to meet revenue targets. The position requires excellent communication, presentation, and interpersonal skills, along with a strong ability to understand client needs and offer appropriate solutions. Regular collaboration with internal teams ensures successful service delivery and customer satisfaction. Analytical thinking and organization are essential for tracking progress and managing multiple accounts effectively."
Product Marketing Manager,Product Marketing,M4,"Responsible for developing and executing go-to-market strategies for products and services, this role collaborates cross-functionally with sales, product, and creative teams to ensure consistent messaging and market alignment. Analyzes customer insights, market trends, and competitive intelligence to inform positioning and campaign tactics. Oversees the creation of sales enablement tools, marketing collateral, and digital content to drive product adoption and demand generation. Requires excellent communication, analytical, and project management skills, along with deep understanding of both market research and product lifecycle management. Manages budgets, timelines, and performance metrics to achieve business objectives and maximize market impact."
Customer Success Manager,Customer Success Management,P2,"Overseeing client relationships, this professional ensures customers achieve their goals by using company products or services effectively. Responsibilities include onboarding new clients, addressing concerns, and proactively identifying opportunities for upselling or cross-selling. Strong communication and problem-solving skills are required, along with an ability to analyze customer feedback and usage data. Collaboration with sales and product teams is key to maintaining high client satisfaction and loyalty. Demonstrating leadership in managing accounts, this role directly contributes to revenue growth and overall business success."
,,,
,,,
Support Manager,Operations Leadership,M3-4,"This role oversees day-to-day operations, ensuring effective support services and high levels of customer satisfaction. Key responsibilities include managing support teams, developing and implementing operational policies, and optimizing workflows. The position requires strong leadership, exceptional communication abilities, and experience with performance analysis. Strategic problem-solving and decision-making skills are essential for adapting to changing business needs. Candidates should be adept at coordinating resources and fostering a collaborative environment to achieve organizational goals."
Customer Success Manager,Customer Success Management,P4,"Overseeing client relationships, this professional ensures customers achieve their goals by using company products or services effectively. Responsibilities include onboarding new clients, addressing concerns, and proactively identifying opportunities for upselling or cross-selling. Strong communication and problem-solving skills are required, along with an ability to analyze customer feedback and usage data. Collaboration with sales and product teams is key to maintaining high client satisfaction and loyalty. Demonstrating leadership in managing accounts, this role directly contributes to revenue growth and overall business success."
Software Architect,Software Engineering,P5,"This role is responsible for designing and overseeing the high-level structure of software solutions, ensuring alignment with business goals and technology strategies. The position requires leading teams, setting technical standards, and evaluating emerging technologies. Strong leadership, problem-solving, and communication skills are essential for collaborating across departments and mentoring software engineers. Responsibilities include establishing best practices, making critical architectural decisions, and managing software development lifecycles. Experience in project management, strategic planning, and resource allocation is necessary to successfully guide teams and deliver robust, scalable systems."
,,,
Product Manager,Product Strategy,M2-6,"Overseeing the development and lifecycle of products, this role ensures alignment between company strategy and customer needs. Responsibilities include coordinating cross-functional teams, conducting market analysis, and defining product roadmaps. Strong leadership and communication skills are essential for driving project success and facilitating stakeholder collaboration. Financial acumen and the ability to interpret data guide effective decision-making. This position requires adaptability, organizational expertise, and a focus on delivering profitable, high-quality products within operational objectives."
Human Resources Consultant,HR Operations,P3-4,"This role provides expert guidance to organizations on HR policies, talent management strategies, and compliance with employment laws. Responsibilities include conducting audits of current HR practices, developing tailored solutions for workforce challenges, and facilitating training sessions for staff and management. Strong analytical and interpersonal skills are required to assess organizational needs and foster effective communication between stakeholders. The position demands up-to-date knowledge of labor laws, compensation structures, and best practices in recruitment and employee relations. Success in this role involves delivering actionable recommendations to optimize workplace performance and ensure regulatory compliance."
Water Management Specialist,Environmental Conservation & Land Management,P3,"This role evaluates and develops strategies for efficient use and conservation of water resources in various settings. Responsibilities include analyzing water usage data, ensuring compliance with relevant regulations, and recommending improvements to water management systems. The position requires strong analytical and problem-solving skills, as well as knowledge of environmental regulations and resource sustainability practices. Effective communication is essential for coordinating with stakeholders and preparing detailed reports. Familiarity with project management and data analysis tools is highly valued in this capacity."
,,,
,,,
,,,
Systems Administrator,Infrastructure & IT,P1-6,"This role is responsible for installing, configuring, and maintaining an organization’s servers, networks, and related computer systems. Key duties include monitoring system performance, troubleshooting issues, and ensuring security protocols are implemented and maintained. The position requires proficiency with operating systems, virtualization, and network infrastructure, as well as strong problem-solving abilities. Additional tasks include creating backup and disaster recovery plans and providing technical support to staff. Excellent communication and documentation skills are essential for collaborating with IT teams and end-users."
,,,
Software Engineering Director,Engineering Leadership,E5,"This role leads and manages multiple software engineering teams to deliver high-quality, scalable technology solutions. Responsibilities include overseeing project timelines, mentoring engineers, and ensuring best practices in software design and development. The position requires strong technical expertise in programming languages, architecture, and software lifecycle management. Effective communication and leadership skills are essential for aligning teams with business objectives and fostering a collaborative environment. Continuous evaluation of emerging technologies and driving process improvements are key components of success in this position."
Sales Manager,Field Sales,M2,"Responsible for leading and motivating a team to achieve revenue targets through effective sales strategies and team management. Oversees the recruitment, training, and performance evaluations of sales staff, ensuring high standards and continuous professional development. Develops and implements sales plans based on market research and analysis to capture new business opportunities and maintain customer relationships. Collaborates closely with marketing and customer service departments to align sales goals with overall company objectives. Strong communication, leadership, analytical, and negotiation skills are essential, along with a proven ability to interpret sales metrics and drive team success."
,,,
,,,
Software Architect,Software Engineering,P5,"This role is responsible for designing and overseeing the high-level structure of software solutions, ensuring alignment with business goals and technology strategies. The position requires leading teams, setting technical standards, and evaluating emerging technologies. Strong leadership, problem-solving, and communication skills are essential for collaborating across departments and mentoring software engineers. Responsibilities include establishing best practices, making critical architectural decisions, and managing software development lifecycles. Experience in project management, strategic planning, and resource allocation is necessary to successfully guide teams and deliver robust, scalable systems."
Sales Manager,Field Sales,M3,"Responsible for leading and motivating a team to achieve revenue targets through effective sales strategies and team management. Oversees the recruitment, training, and performance evaluations of sales staff, ensuring high standards and continuous professional development. Develops and implements sales plans based on market research and analysis to capture new business opportunities and maintain customer relationships. Collaborates closely with marketing and customer service departments to align sales goals with overall company objectives. Strong communication, leadership, analytical, and negotiation skills are essential, along with a proven ability to interpret sales metrics and drive team success."
Sales Enablement Specialist,Field Sales,P3-4,"This role focuses on equipping sales teams with the tools, content, and training needed to drive performance and achieve revenue goals. Responsibilities include developing onboarding programs, creating sales collateral, and analyzing processes to identify opportunities for increased efficiency. Strong communication, project management, and data analysis abilities are essential for success in this position. Collaboration with marketing, product, and sales leadership is key to ensuring alignment and message consistency. The ideal candidate thrives in fast-paced environments and brings a strategic mindset to solving sales-related challenges."
Payroll Specialist,Payroll,P4,"This role is responsible for accurately processing employee time records and ensuring timely payroll distribution. Duties include maintaining payroll data, verifying hours worked, and calculating wages and deductions in compliance with company policies and legal regulations. Strong attention to detail, proficiency in payroll software, and familiarity with accounting principles are essential. Effective communication skills are important for addressing employee inquiries and coordinating with other departments. The position also involves preparing reports, maintaining confidentiality, and resolving discrepancies proactively."
Employment Specialist,HR Operations,P3-4,"This professional assists individuals in finding and securing suitable employment opportunities by conducting thorough assessments of their skills and career interests. They collaborate with employers to identify job openings and match candidates to appropriate positions. Strong communication, interviewing, and counseling abilities are essential to guide job seekers through resume development, job searching, and application processes. Additionally, they track employment outcomes and maintain accurate records to ensure compliance with organizational and regulatory standards. Success in this role requires analytical thinking, attention to detail, and knowledge of current labor market trends."
Loan Operations Specialist,Banking Operations,P2-4,"This role is responsible for processing, reviewing, and maintaining accurate documentation for various types of loans, ensuring full compliance with regulatory standards and internal policies. Key duties include onboarding new loans, performing data entry, and resolving discrepancies in loan files in a timely manner. The position requires strong attention to detail, analytical thinking, and proficiency with financial software platforms. Candidate must display excellent communication skills to coordinate with internal teams and external clients. Efficiency, a strong sense of organization, and the ability to manage multiple tasks concurrently are essential for success in this business operations capacity."
,,,
Implementation Manager,Customer Onboarding,M2-4,"This role oversees the successful deployment of new products, services, or systems within an organization, ensuring projects are completed on time and within budget. Responsibilities include coordinating cross-functional teams, managing client relationships, and troubleshooting implementation issues as they arise. Strong leadership, project management, and communication skills are essential for effective coordination and guidance of personnel. The position requires analytical thinking to assess processes, identify improvements, and streamline operations. Previous experience in team management and a solid understanding of organizational procedures are advantageous."
,,,
,,,
Marketing Operations Manager,Brand Marketing,M3-4,"Responsible for designing and optimizing marketing processes to support campaign execution and lead management. Oversees the implementation and effectiveness of marketing technologies, ensuring seamless data integration and reporting across platforms. Collaborates closely with cross-functional teams to align marketing strategies with business objectives and drive measurable results. Strong analytical skills and proficiency with marketing automation tools are essential for success in this role. Requires experience in project management, process improvement, and effective communication to coordinate initiatives and maximize efficiency."
Sales Operations Manager,Sales Operations,M3-4,"This role is responsible for optimizing and overseeing sales processes to ensure the team meets its revenue targets. Key duties include analyzing sales data, implementing efficient procedures, and coordinating between departments to drive business growth. Strong analytical abilities, excellent communication skills, and experience with CRM software are required. The position involves creating forecasts, setting performance metrics, and supporting the sales team with training and resources. Leadership and strategic planning skills are essential for developing and executing sales strategies in alignment with organizational goals."
,,,
Payroll Specialist,Payroll,P2,"This role is responsible for accurately processing employee time records and ensuring timely payroll distribution. Duties include maintaining payroll data, verifying hours worked, and calculating wages and deductions in compliance with company policies and legal regulations. Strong attention to detail, proficiency in payroll software, and familiarity with accounting principles are essential. Effective communication skills are important for addressing employee inquiries and coordinating with other departments. The position also involves preparing reports, maintaining confidentiality, and resolving discrepancies proactively."
Product Support Manager,Customer Success Management,M3-4,"Responsible for overseeing the delivery of technical support and customer service for company products, this role ensures that clients receive timely and effective assistance. The position involves managing a team, developing support processes, and collaborating with cross-functional departments to resolve product issues efficiently. Strong leadership, organizational, and problem-solving skills are essential to monitor service metrics and implement process improvements. Additional duties include training staff, analyzing support trends, and preparing performance reports for senior management. A deep understanding of company products and excellent communication skills are required to foster customer satisfaction and operational excellence."
Security Analyst,Cybersecurity,P2,"This role involves monitoring networks and systems for security breaches, investigating incidents, and responding to threats. Professionals in this position assess vulnerabilities, implement security tools, and ensure compliance with security policies. Key responsibilities include conducting risk analyses, preparing detailed incident reports, and developing strategies to minimize cyber risks. Strong analytical thinking, attention to detail, and proficiency with intrusion detection systems are essential. Effective communication and the ability to work under pressure are also required for success."
Software Quality Engineer,Software Engineering,P1-6,"This role is responsible for designing and executing test plans to ensure the functionality, reliability, and performance of software applications. Duties include identifying bugs, documenting defects, and collaborating closely with development teams to resolve issues. Strong analytical and problem-solving skills are essential, along with proficiency in automated and manual testing tools. The position requires effective communication to report findings and recommend process improvements. Familiarity with programming languages, software development life cycles, and quality assurance methodologies is crucial for success."
Treasury Specialist,Accounting,P3-4,"This role is responsible for managing corporate cash flow, implementing short-term investment strategies, and ensuring optimal liquidity for daily operations. Key duties include processing wire transfers, reconciling bank statements, and supporting compliance with internal financial controls. Strong analytical skills and attention to detail are essential for monitoring transactions and identifying discrepancies. Proficiency with financial software and a solid understanding of banking regulations are required to ensure accuracy and compliance. Effective communication with internal departments and financial institutions is necessary to support organizational financial objectives."
Data Engineer,Data Science & Analytics,P1-6,"This role is responsible for designing, constructing, and maintaining scalable data architectures that support advanced analytics and business intelligence solutions. Core responsibilities include developing robust data pipelines, optimizing data flow, and ensuring the integrity and quality of extracted and transformed data sets. Proficiency with programming languages such as Python or Scala, as well as experience with SQL, distributed computing, and data modeling, is essential. This position requires collaboration with data analysts, scientists, and other stakeholders to deliver accessible and reliable data for analytical projects. Strong problem-solving skills and a solid grasp of database systems and cloud platforms are crucial for success in this occupation."
AI Engineer,AI Engineering,P4,"This role focuses on designing, developing, and deploying artificial intelligence and machine learning solutions to address complex business challenges. Responsibilities include preprocessing and analyzing large datasets, building predictive models, and optimizing algorithms for performance and scalability. Proficiency in programming languages such as Python or R, knowledge of machine learning frameworks, and familiarity with cloud platforms are essential. Strong analytical, problem-solving, and data engineering skills are required to translate business requirements into effective AI solutions. Collaboration with cross-functional teams ensures successful integration of AI technologies into existing systems."
,,,
AI Engineer,AI Engineering,P1-6,"This role focuses on designing, developing, and deploying artificial intelligence and machine learning solutions to address complex business challenges. Responsibilities include preprocessing and analyzing large datasets, building predictive models, and optimizing algorithms for performance and scalability. Proficiency in programming languages such as Python or R, knowledge of machine learning frameworks, and familiarity with cloud platforms are essential. Strong analytical, problem-solving, and data engineering skills are required to translate business requirements into effective AI solutions. Collaboration with cross-functional teams ensures successful integration of AI technologies into existing systems."
Technical Support Engineer,Technical Support,P3,"This role provides specialized assistance in diagnosing, troubleshooting, and resolving hardware and software issues for end-users and clients. Responsibilities include responding to technical inquiries, managing support tickets, and collaborating with development or engineering teams to implement solutions. Strong problem-solving skills, a solid understanding of computer systems, and excellent communication abilities are essential. Individuals in this position often create technical documentation and may conduct user training or product demonstrations as necessary. A background in information technology, experience with support tools, and the ability to adapt to evolving technologies are highly valued."
Talent Acquisition Partner,Talent Acquisition,P4,"As a key contributor to organizational growth, this professional manages the full recruitment lifecycle, from sourcing and interviewing candidates to negotiating offers. They develop and implement strategies to attract top talent while ensuring a positive candidate experience. Leveraging strong communication and interpersonal skills, they collaborate closely with hiring managers to understand workforce needs. Expertise in market research and modern recruitment technologies is essential to identify and engage qualified prospects. This role requires knowledge of employment laws and best practices to ensure compliance throughout the hiring process."
,,,
Customer Success Manager,Customer Success Management,P2-4,"Overseeing client relationships, this professional ensures customers achieve their goals by using company products or services effectively. Responsibilities include onboarding new clients, addressing concerns, and proactively identifying opportunities for upselling or cross-selling. Strong communication and problem-solving skills are required, along with an ability to analyze customer feedback and usage data. Collaboration with sales and product teams is key to maintaining high client satisfaction and loyalty. Demonstrating leadership in managing accounts, this role directly contributes to revenue growth and overall business success."
Youth Services Specialist,Community Services,P3,"This role involves developing and implementing programs that support the well-being and development of young people within the community. Responsibilities include providing outreach, conducting needs assessments, and connecting youth with appropriate resources and services. Successful candidates will demonstrate strong communication, counseling, and organizational skills, along with the ability to collaborate with families, schools, and other agencies. Monitoring program outcomes and maintaining accurate documentation are essential components of the position. A background in social services, youth engagement, or a related field is highly beneficial."
Customer Retention Specialist,Customer Success Management,P3-4,"This role focuses on building strong relationships with existing clients to reduce churn and promote long-term satisfaction. Responsibilities include proactively reaching out to customers, addressing concerns, resolving complaints, and identifying opportunities to upsell or cross-sell services. Success in the position requires strong communication and problem-solving skills, as well as the ability to empathize and negotiate with customers. Candidates should be comfortable using CRM software to track interactions and develop targeted retention strategies. The role adheres to the SOC Customer Service Representatives category, emphasizing high-quality service and customer experience enhancement."
Talent Acquisition Partner,Talent Acquisition,P3,"As a key contributor to organizational growth, this professional manages the full recruitment lifecycle, from sourcing and interviewing candidates to negotiating offers. They develop and implement strategies to attract top talent while ensuring a positive candidate experience. Leveraging strong communication and interpersonal skills, they collaborate closely with hiring managers to understand workforce needs. Expertise in market research and modern recruitment technologies is essential to identify and engage qualified prospects. This role requires knowledge of employment laws and best practices to ensure compliance throughout the hiring process."
Implementation Manager,Customer Onboarding,M2-4,"This role oversees the successful deployment of new products, services, or systems within an organization, ensuring projects are completed on time and within budget. Responsibilities include coordinating cross-functional teams, managing client relationships, and troubleshooting implementation issues as they arise. Strong leadership, project management, and communication skills are essential for effective coordination and guidance of personnel. The position requires analytical thinking to assess processes, identify improvements, and streamline operations. Previous experience in team management and a solid understanding of organizational procedures are advantageous."
Graphic Designer,Graphic Design,P2-6,"This creative professional conceptualizes and produces visual solutions that effectively communicate messages for print and digital media. Responsibilities include designing layouts, illustrations, and branding materials, collaborating with clients or teams to understand project objectives, and refining concepts based on feedback. Proficiency in graphic design software such as Adobe Creative Suite, along with strong typography, color theory, and composition skills, is essential. Attention to detail, creativity, and the ability to manage multiple projects under tight deadlines are required. Staying current with industry trends and best practices ensures visually engaging and impactful outcomes."
Talent Acquisition Partner,Talent Acquisition,P4,"As a key contributor to organizational growth, this professional manages the full recruitment lifecycle, from sourcing and interviewing candidates to negotiating offers. They develop and implement strategies to attract top talent while ensuring a positive candidate experience. Leveraging strong communication and interpersonal skills, they collaborate closely with hiring managers to understand workforce needs. Expertise in market research and modern recruitment technologies is essential to identify and engage qualified prospects. This role requires knowledge of employment laws and best practices to ensure compliance throughout the hiring process."
,,,
,,,
Product Designer,UX/UI Design,P5,"This role focuses on creating and refining concepts for new or improved commercial and industrial products, balancing functionality, aesthetics, and user experience. Responsibilities include conducting user research, developing prototypes, and collaborating with engineering and marketing teams to ensure design feasibility and market fit. Proficiency in design software, strong visualization skills, and an understanding of manufacturing processes are essential. The position often requires presenting ideas and revisions to stakeholders, as well as iterating designs based on feedback. Attention to detail, problem-solving, and project management abilities are key for successfully bringing innovative products to market."
Demand Generation Manager,Brand Marketing,M4,"Responsible for developing and executing multi-channel campaigns to drive qualified leads and increase market interest, this role requires close collaboration with sales, product, and content teams to align strategies and messaging. Analyzes campaign performance metrics and market data to optimize tactics and maximize ROI. Utilizes skills in digital marketing, data analysis, and project management to implement scalable programs. Oversees lead nurturing processes, manages marketing automation tools, and ensures consistent brand messaging throughout all outreach activities. Strong communication, strategic thinking, and leadership abilities are essential for success in this position."
Sales Operations Manager,Sales Operations,M4,"This role is responsible for optimizing and overseeing sales processes to ensure the team meets its revenue targets. Key duties include analyzing sales data, implementing efficient procedures, and coordinating between departments to drive business growth. Strong analytical abilities, excellent communication skills, and experience with CRM software are required. The position involves creating forecasts, setting performance metrics, and supporting the sales team with training and resources. Leadership and strategic planning skills are essential for developing and executing sales strategies in alignment with organizational goals."
Payroll Specialist,Payroll,P2,"This role is responsible for accurately processing employee time records and ensuring timely payroll distribution. Duties include maintaining payroll data, verifying hours worked, and calculating wages and deductions in compliance with company policies and legal regulations. Strong attention to detail, proficiency in payroll software, and familiarity with accounting principles are essential. Effective communication skills are important for addressing employee inquiries and coordinating with other departments. The position also involves preparing reports, maintaining confidentiality, and resolving discrepancies proactively."
,,,
Curriculum Specialist,Instruction & Teaching,P2-4,"This role designs, evaluates, and revises educational and training materials to support effective learning outcomes within organizations. Responsibilities include collaborating with subject matter experts, conducting needs assessments, and aligning curricula with organizational objectives. Key tasks involve developing instructional resources, integrating technology into learning experiences, and ensuring compliance with industry standards. Strong skills in curriculum design, instructional methodologies, and data analysis are essential. Success in this position requires excellent communication, attention to detail, and the ability to adapt content for diverse audiences."
Cloud Engineer,Software Engineering,P2,"This professional designs, implements, and manages cloud infrastructure to support organizational needs and ensure seamless operations. They monitor system performance, troubleshoot issues, and optimize resources for reliability and scalability. The role requires expertise in cloud platforms, virtualization, network administration, and security best practices. Strong problem-solving skills and experience with automation tools are essential to maintain and improve system efficiency. Collaboration with cross-functional teams is key to deploying solutions that align with security and compliance standards."
Data Scientist,Data Science & Analytics,P4,"This role involves analyzing complex datasets to uncover actionable insights that inform business decisions. Responsibilities include developing predictive models, designing experiments, and visualizing data trends. Proficiency in programming languages such as Python or R, along with expertise in statistical analysis and machine learning, is essential. Collaboration with cross-functional teams to translate technical findings into practical solutions is a key aspect of the position. Strong communication and problem-solving skills are required to effectively interpret and present data-driven recommendations."
,,,
Accounts Receivable Specialist,Accounting,P3-4,"This role is responsible for processing incoming payments and maintaining accurate records of accounts and transactions. Key tasks include preparing and sending invoices, reconciling payment discrepancies, and following up with clients to ensure timely collection of outstanding balances. Strong attention to detail and proficiency with accounting software are essential for entering financial data and generating reports. The position also requires excellent communication and organizational skills to resolve billing issues and support overall accounting operations. Previous experience in bookkeeping or general accounting is preferred to ensure compliance with company and regulatory standards."
Solutions Engineering Manager,Sales Engineering,M3-4,"Overseeing a team of solutions engineers, this role guides the design and implementation of technical solutions to address client needs. Responsibilities include developing project plans, allocating resources, and ensuring collaboration between engineering and sales teams. Strong leadership, technical expertise, and project management skills are essential for success. This position requires the ability to analyze complex problems, communicate effectively with stakeholders, and drive continuous improvement. The role also ensures that all solutions adhere to industry standards and best practices as outlined within engineering management frameworks."
,,,
,,,
Cloud Engineer,Software Engineering,P6,"This professional designs, implements, and manages cloud infrastructure to support organizational needs and ensure seamless operations. They monitor system performance, troubleshoot issues, and optimize resources for reliability and scalability. The role requires expertise in cloud platforms, virtualization, network administration, and security best practices. Strong problem-solving skills and experience with automation tools are essential to maintain and improve system efficiency. Collaboration with cross-functional teams is key to deploying solutions that align with security and compliance standards."
Accountant,Accounting,P4,"Responsibilities include preparing and analyzing financial records to ensure accuracy and compliance with laws and regulations. This role involves managing budgeting, conducting audits, and preparing tax returns for organizations or individuals. Strong analytical skills, attention to detail, and proficiency in accounting software are required for success. The position demands a solid understanding of accounting principles and the ability to communicate complex financial information clearly. Ethical judgment and organizational skills are essential to maintain confidentiality and efficiency within financial operations."
Salesforce Administrator,Sales Operations,P4,"This role oversees the effective configuration, maintenance, and optimization of the Salesforce platform to support organizational objectives. Responsibilities include managing user accounts, permissions, data integrity, and implementing updates or customizations aligned with business needs. The position requires strong problem-solving abilities, technical expertise in CRM systems, and excellent communication skills for collaboration with cross-functional teams. Additionally, this professional ensures compliance with security standards and provides training or support to end-users. Experience in project management and a strategic approach to aligning technology solutions with business processes are essential."
,,,
,,,
Document Specialist,Legal Support Services,P3-4,"Responsible for managing, organizing, and maintaining collections of books, digital media, and other resources to ensure efficient retrieval and use. Assists patrons with research, information location, and use of library technologies while promoting literacy and lifelong learning. Develops and implements programs and services tailored to meet community or institutional needs. Evaluates and selects new acquisitions based on relevance and quality, and ensures accurate cataloging and classification. Strong organizational, research, communication, and technology skills are required for success in this role."
Design Project Manager,Delivery & Implementation,M3,"Overseeing the planning and execution of design projects, this professional coordinates teams of architects, engineers, and designers to ensure deliverables meet client requirements and industry standards. Responsibilities include budgeting, scheduling, resource allocation, and risk management throughout the project lifecycle. Strong leadership and communication skills are essential for facilitating collaboration between multidisciplinary teams and stakeholders. Proficiency in project management software and a solid understanding of architectural and engineering principles are required. Ensuring regulatory compliance and delivering projects on time and within budget are key measures of success in this role."
Events Manager,Event Planning,M4,"This role is responsible for organizing, coordinating, and executing a wide range of events, such as conferences, meetings, and conventions. Key duties include budgeting, selecting venues, managing vendors, arranging logistics, and ensuring smooth on-site operations. The position requires excellent organizational and time-management skills, strong communication abilities, and attention to detail. Collaboration with clients and internal teams is essential to meet objectives and deliver memorable experiences. Problem-solving skills and adaptability are also necessary to resolve last-minute challenges and prioritize client satisfaction."
Sales Enablement Manager,Field Sales,M3-4,"Responsible for developing and implementing strategies to equip sales teams with the tools, content, and training necessary to drive revenue growth. Oversees the creation and optimization of processes related to onboarding, coaching, and ongoing professional development for sales staff. Collaborates closely with marketing, product, and sales leadership to align messaging and ensure world-class customer engagement. Uses analytical skills to assess sales performance data and identify areas for improvement. Requires strong leadership, communication, project management, and organizational skills to effectively support and advance team objectives."
,,,
Application Security Engineer,Cybersecurity,P3-4,"This role is responsible for assessing, testing, and improving the security of software applications throughout the development lifecycle. The position involves identifying vulnerabilities, recommending mitigation strategies, and collaborating closely with development teams to implement best security practices. Strong working knowledge of application security principles, coding languages, and security tools such as static and dynamic analysis scanners is required. Daily tasks may include performing code reviews, penetration testing, and responding to security incidents that impact applications. Excellent problem-solving, communication, and analytical skills are essential to anticipate threats and ensure robust protection for digital assets."
Technical Program Manager,Program Management,M2-6,"This role oversees the planning and execution of technical training programs, ensuring alignment with organizational goals and technology initiatives. Responsibilities include analyzing skill gaps, designing curriculum, and coordinating cross-functional teams to deliver impactful learning experiences. The position requires strong project management abilities, technical expertise, and excellent communication skills to facilitate collaboration between engineers, trainers, and stakeholders. They evaluate training outcomes and adapt programs to emerging technologies and business needs. A successful candidate demonstrates leadership in fostering a culture of continuous learning and professional growth within the organization."
Creative Director,Graphic Design,M5,"Leads the conceptualization and execution of visual concepts for advertising, branding, or media campaigns, ensuring alignment with client or organizational objectives. Oversees design teams, providing guidance and feedback throughout the creative process from ideation to final delivery. Collaborates closely with copywriters, designers, and marketing professionals to develop cohesive and innovative solutions. Requires expertise in design principles, project management, and strong communication skills to articulate creative vision and maintain project timelines. Stays current with industry trends to inspire unique and engaging visual experiences."
Integration Specialist,Business Administration,P3-4,"This role is responsible for analyzing and improving organizational processes to ensure seamless integration between various business systems and technologies. The individual collaborates with cross-functional teams to identify integration needs, recommend solutions, and implement best practices for workflow optimization. Critical thinking, strong communication, and project management skills are essential to effectively assess performance metrics and document integration procedures. The position also involves monitoring ongoing integrations to ensure efficiency, compliance, and minimal disruption to daily operations. By leveraging data-driven insights, the role supports strategic decision-making and continuous process improvement within the organization."
Product Marketing Manager,Product Marketing,M3-4,"Responsible for developing and executing go-to-market strategies for products and services, this role collaborates cross-functionally with sales, product, and creative teams to ensure consistent messaging and market alignment. Analyzes customer insights, market trends, and competitive intelligence to inform positioning and campaign tactics. Oversees the creation of sales enablement tools, marketing collateral, and digital content to drive product adoption and demand generation. Requires excellent communication, analytical, and project management skills, along with deep understanding of both market research and product lifecycle management. Manages budgets, timelines, and performance metrics to achieve business objectives and maximize market impact."
,,,
Security Analyst,Cybersecurity,P1-6,"This role involves monitoring networks and systems for security breaches, investigating incidents, and responding to threats. Professionals in this position assess vulnerabilities, implement security tools, and ensure compliance with security policies. Key responsibilities include conducting risk analyses, preparing detailed incident reports, and developing strategies to minimize cyber risks. Strong analytical thinking, attention to detail, and proficiency with intrusion detection systems are essential. Effective communication and the ability to work under pressure are also required for success."
,,,
Sales Operations Specialist,Sales Operations,P3-4,"This role focuses on supporting and optimizing sales processes to drive efficiency and achieve revenue targets. Responsibilities include managing sales data, analyzing performance metrics, and coordinating between sales, marketing, and operations teams. Strong skills in data analysis, communication, and problem-solving are essential for success in this position. The individual will also assist in maintaining CRM systems and generating reports to support informed business decisions. Attention to detail and the ability to multitask in a fast-paced environment are highly valued."
Graphic Designer,Graphic Design,P4,"This creative professional conceptualizes and produces visual solutions that effectively communicate messages for print and digital media. Responsibilities include designing layouts, illustrations, and branding materials, collaborating with clients or teams to understand project objectives, and refining concepts based on feedback. Proficiency in graphic design software such as Adobe Creative Suite, along with strong typography, color theory, and composition skills, is essential. Attention to detail, creativity, and the ability to manage multiple projects under tight deadlines are required. Staying current with industry trends and best practices ensures visually engaging and impactful outcomes."
Product Design Director,UX/UI Design,M4,"Overseeing the entire design process, this leader shapes product vision and ensures alignment with business objectives. Responsibilities include managing design teams, setting strategic direction, and collaborating across departments to deliver innovative solutions. Strong project management, communication, and leadership skills are essential for prioritizing initiatives and allocating resources efficiently. The role involves establishing design standards, mentoring team members, and driving cross-functional decision making. Experience in user-centered design and a keen understanding of market trends are important for achieving organizational goals."
Case Development Specialist,Social Services,P3,"This role involves supporting attorneys by organizing case files, preparing legal documents, and coordinating communication between clients and legal teams. Responsibilities include managing deadlines, maintaining detailed records, and assisting with case research to ensure all necessary information is accessible. Proficiency in legal terminology, excellent organizational skills, and strong attention to detail are essential for success. The position requires effective written and verbal communication abilities, as well as the capacity to handle confidential information with discretion. Familiarity with legal software and office administration is highly valued to keep workflow efficient and compliant with regulations."
Security Engineer,Cybersecurity,P1-6,"This role focuses on designing, implementing, and maintaining robust security measures to protect an organization’s computer systems and networks. Responsibilities include monitoring for security breaches, investigating incidents, and developing response protocols to minimize risks. The position requires strong analytical skills, proficiency in threat detection tools, and a solid understanding of firewalls, encryption, and intrusion detection systems. Collaboration with IT and other departments ensures comprehensive security strategies are enforced and updated as threats evolve. Excellent communication and problem-solving abilities are essential for reporting findings and recommending improvements to strengthen information security posture."
Talent Acquisition Manager,Talent Acquisition,M3-4,"Responsible for overseeing the full recruitment cycle, this professional develops sourcing strategies, screens candidates, and leads interviews to attract top talent. They collaborate with department heads to identify staffing needs and create effective job postings. Utilizing strong interpersonal and negotiation skills, they manage candidate relationships and support hiring decisions. Staying informed about labor market trends and applicable employment laws is essential. Success in this role requires excellent organizational abilities, attention to detail, and proficiency with applicant tracking systems and recruitment platforms."
Data Engineer,Data Science & Analytics,P4,"This role is responsible for designing, constructing, and maintaining scalable data architectures that support advanced analytics and business intelligence solutions. Core responsibilities include developing robust data pipelines, optimizing data flow, and ensuring the integrity and quality of extracted and transformed data sets. Proficiency with programming languages such as Python or Scala, as well as experience with SQL, distributed computing, and data modeling, is essential. This position requires collaboration with data analysts, scientists, and other stakeholders to deliver accessible and reliable data for analytical projects. Strong problem-solving skills and a solid grasp of database systems and cloud platforms are crucial for success in this occupation."
Data Scientist,Data Science & Analytics,P1-7,"This role involves analyzing complex datasets to uncover actionable insights that inform business decisions. Responsibilities include developing predictive models, designing experiments, and visualizing data trends. Proficiency in programming languages such as Python or R, along with expertise in statistical analysis and machine learning, is essential. Collaboration with cross-functional teams to translate technical findings into practical solutions is a key aspect of the position. Strong communication and problem-solving skills are required to effectively interpret and present data-driven recommendations."
Sales Director,Field Sales,M4,"Responsible for leading and overseeing organizational sales strategies, this role involves setting targets, analyzing market trends, and driving revenue growth. Duties include managing sales teams, developing training programs, and fostering strong client relationships to expand the customer base. Success in this position requires excellent leadership, communication, and negotiation skills, along with a deep understanding of sales analytics and forecasting. The individual will collaborate cross-functionally with marketing and product departments to ensure alignment of objectives. Expertise in strategic planning and a proven ability to achieve ambitious sales goals are essential for success in this management role within the sales field."
Sales Operations Manager,Sales Operations,M3-4,"This role is responsible for optimizing and overseeing sales processes to ensure the team meets its revenue targets. Key duties include analyzing sales data, implementing efficient procedures, and coordinating between departments to drive business growth. Strong analytical abilities, excellent communication skills, and experience with CRM software are required. The position involves creating forecasts, setting performance metrics, and supporting the sales team with training and resources. Leadership and strategic planning skills are essential for developing and executing sales strategies in alignment with organizational goals."
Quality Assurance Manager,Quality Assurance,M2-4,"Overseeing all aspects of product quality, this role ensures manufacturing processes meet established standards and comply with regulations. Responsibilities include developing and implementing quality control systems, supervising quality assurance teams, and collaborating with production managers to resolve issues. The position requires strong analytical skills, attention to detail, and proficiency in root cause analysis and process improvement methodologies. Effective communication and leadership abilities are essential for training staff and fostering a culture of continuous improvement. Familiarity with industry standards and regulatory guidelines is critical to maintain compliance and drive operational excellence."
,,,
Marketing Operations Manager,Brand Marketing,M4,"Responsible for designing and optimizing marketing processes to support campaign execution and lead management. Oversees the implementation and effectiveness of marketing technologies, ensuring seamless data integration and reporting across platforms. Collaborates closely with cross-functional teams to align marketing strategies with business objectives and drive measurable results. Strong analytical skills and proficiency with marketing automation tools are essential for success in this role. Requires experience in project management, process improvement, and effective communication to coordinate initiatives and maximize efficiency."
,,,
Email Marketing Manager,Digital Marketing,M3-4,"Responsible for developing and executing targeted email marketing campaigns that drive customer engagement and revenue growth. Oversees audience segmentation, content creation, A/B testing, and campaign performance analysis to ensure optimal results. Collaborates with creative, sales, and product teams to align messaging and strategy with overall business objectives. Requires strong project management, analytical, and copywriting skills, along with expertise in email automation platforms and data-driven decision making. Stays current with industry trends and compliance standards to continuously refine best practices."
,,,
Quality Assurance Engineer,Quality Assurance,P5,"Responsible for designing and executing test plans to ensure the functionality, reliability, and performance of software applications. Collaborates closely with developers and product teams to identify software defects, document issues, and verify resolutions. Utilizes automated and manual testing techniques, as well as specialized testing tools, to validate code quality and compliance with industry standards. Requires strong analytical skills, attention to detail, and proficiency in scripting or programming languages relevant to software testing. Demonstrates an understanding of the software development lifecycle (SDLC) and quality assurance methodologies within a collaborative team environment."
,,,
Project Manager,Project Management,M3,"This role is responsible for planning, executing, and closing projects within designated timelines and budgets. Duties include defining project scope, setting objectives, coordinating cross-functional teams, and managing resources. The position requires strong organizational, communication, and leadership skills to effectively guide team members and ensure stakeholder satisfaction. Additional responsibilities involve risk management, progress monitoring, and providing regular updates to senior management. Proficiency in project management tools and methodologies is essential for successful project delivery."
Sales Development Representative,Field Sales,S2-4,"This role is responsible for identifying and qualifying potential clients to generate new business opportunities. Key duties include conducting outbound prospecting via calls and emails, managing and updating customer relationship management (CRM) systems, and scheduling meetings between prospects and account executives. Strong communication and interpersonal skills are essential for effectively engaging leads and understanding client needs. The ability to work independently, meet targets, and manage time efficiently is required. Familiarity with sales processes and digital outreach tools is highly valued in this service-focused position."
Digital Marketing Analyst,Digital Marketing,P4,"This role involves analyzing online marketing data to evaluate campaign performance and identify trends that drive business growth. Responsibilities include monitoring web analytics, creating reports, and providing actionable recommendations to optimize digital strategies. Proficiency in data analysis tools, such as Google Analytics and Excel, is essential, along with strong problem-solving and communication skills. Collaboration with marketing teams to develop audience targeting and measure ROI is a key part of the job. The position requires the ability to interpret complex data and present clear, concise insights to stakeholders."
Implementation Manager,Customer Onboarding,M2,"This role oversees the successful deployment of new products, services, or systems within an organization, ensuring projects are completed on time and within budget. Responsibilities include coordinating cross-functional teams, managing client relationships, and troubleshooting implementation issues as they arise. Strong leadership, project management, and communication skills are essential for effective coordination and guidance of personnel. The position requires analytical thinking to assess processes, identify improvements, and streamline operations. Previous experience in team management and a solid understanding of organizational procedures are advantageous."
Salesforce Administrator,Sales Operations,P2,"This role oversees the effective configuration, maintenance, and optimization of the Salesforce platform to support organizational objectives. Responsibilities include managing user accounts, permissions, data integrity, and implementing updates or customizations aligned with business needs. The position requires strong problem-solving abilities, technical expertise in CRM systems, and excellent communication skills for collaboration with cross-functional teams. Additionally, this professional ensures compliance with security standards and provides training or support to end-users. Experience in project management and a strategic approach to aligning technology solutions with business processes are essential."
,,,
Web Marketing Specialist,Brand Marketing,P3,"This role focuses on developing, implementing, and optimizing digital marketing campaigns to boost brand awareness and drive online engagement. Responsibilities include analyzing web metrics, conducting market research, and creating content strategies tailored to target audiences. Proficiency in SEO, pay-per-click advertising, and web analytics tools is essential for measuring campaign effectiveness and identifying opportunities for improvement. Strong communication and project management skills are required to coordinate with designers, developers, and external partners. The position also involves staying up-to-date with the latest digital marketing trends and best practices to ensure competitive positioning in the marketplace."
Onboarding Specialist,People Experience,P2-4,"Responsible for guiding new hires through the orientation and assimilation process, this role ensures a seamless transition into the organization. Duties include preparing documentation, conducting training sessions, and liaising between departments to address employee needs. Strong communication and interpersonal skills are essential to provide support and address concerns promptly. The position also requires excellent organizational abilities to manage multiple onboarding schedules and maintain accurate records. Familiarity with HR systems and compliance regulations is necessary to uphold company policies and procedures."
,,,
Marketing Operations Specialist,Brand Marketing,P3-4,"This role is responsible for optimizing and managing marketing processes to ensure the smooth execution of campaigns and initiatives. Key duties include analyzing marketing data, tracking campaign performance, and supporting the implementation of marketing automation tools. The ideal candidate possesses strong analytical skills, proficiency with CRM and marketing platforms, and excellent attention to detail. Collaborating with cross-functional teams, they help identify process improvements and ensure alignment with organizational goals. Strong communication abilities and project management skills are essential in supporting data-driven marketing strategies and continuous process enhancement."
Human Resources Consultant,HR Operations,P3,"This role provides expert guidance to organizations on HR policies, talent management strategies, and compliance with employment laws. Responsibilities include conducting audits of current HR practices, developing tailored solutions for workforce challenges, and facilitating training sessions for staff and management. Strong analytical and interpersonal skills are required to assess organizational needs and foster effective communication between stakeholders. The position demands up-to-date knowledge of labor laws, compensation structures, and best practices in recruitment and employee relations. Success in this role involves delivering actionable recommendations to optimize workplace performance and ensure regulatory compliance."
,,,
People Operations Manager,HR Operations,M3-4,"Responsible for overseeing all aspects of the employee lifecycle, this role ensures smooth HR processes, including recruitment, onboarding, and performance management. The position involves developing and implementing people strategies that align with organizational goals and foster a positive workplace culture. Key duties include managing employee relations, handling compliance with labor laws, and optimizing policies for efficiency and engagement. Strong interpersonal, communication, and problem-solving skills are essential, as is experience with HR software and data analysis. Demonstrated leadership in managing teams and driving organizational change is required to succeed in this dynamic environment."
,,,
Founder / Co-Founder,Founders & Owners,E3,"Leads the strategic vision, direction, and overall growth of the organization, ensuring all operations align with long-term objectives. Oversees decision-making processes related to business development, financial management, and resource allocation. Builds and maintains key partnerships, manages investor and stakeholder relationships, and secures funding opportunities. Demonstrates expertise in leadership, problem-solving, and effective communication, along with a strong ability to adapt to evolving market trends. Requires extensive knowledge of corporate governance, risk management, and organizational leadership within a dynamic business environment."
Director of Operations,Operations Leadership,E5,"This leadership role is responsible for overseeing daily organizational operations, ensuring efficiency and high performance across all departments. The position requires strategic planning, budgeting, and the development of operational policies to achieve business objectives. Strong analytical skills and the ability to lead, develop, and motivate teams are essential. Collaboration with executives and cross-functional managers to optimize processes and solve complex problems is a key aspect. Proven experience in operations management and excellent communication abilities are crucial for success in this role."
Salesforce Administrator,Sales Operations,P2-4,"This role oversees the effective configuration, maintenance, and optimization of the Salesforce platform to support organizational objectives. Responsibilities include managing user accounts, permissions, data integrity, and implementing updates or customizations aligned with business needs. The position requires strong problem-solving abilities, technical expertise in CRM systems, and excellent communication skills for collaboration with cross-functional teams. Additionally, this professional ensures compliance with security standards and provides training or support to end-users. Experience in project management and a strategic approach to aligning technology solutions with business processes are essential."
,,,
,,,
Software Engineering Director,Engineering Leadership,E5,"This role leads and manages multiple software engineering teams to deliver high-quality, scalable technology solutions. Responsibilities include overseeing project timelines, mentoring engineers, and ensuring best practices in software design and development. The position requires strong technical expertise in programming languages, architecture, and software lifecycle management. Effective communication and leadership skills are essential for aligning teams with business objectives and fostering a collaborative environment. Continuous evaluation of emerging technologies and driving process improvements are key components of success in this position."
,,,
People Operations Generalist,HR Operations,P3,"Responsible for overseeing daily HR functions, this professional manages employee relations, benefits administration, and onboarding processes to support organizational goals. They ensure compliance with labor laws while developing and implementing HR policies and procedures. Skilled in conflict resolution, they foster a positive work environment and address staff concerns promptly. Utilizing strong communication and organizational abilities, they maintain accurate records and support performance management initiatives. Proficiency with HR information systems and a solid understanding of workforce planning are essential for success in this role."
,,,
Data Analyst,Data Science & Analytics,P4,"This role involves collecting, processing, and interpreting large datasets to extract actionable insights that drive strategic decisions. Responsibilities include data cleansing, statistical analysis, and the creation of visualizations to communicate findings to both technical and non-technical stakeholders. Proficiency in programming languages such as Python or R, as well as expertise in SQL and data visualization tools, is essential. Strong problem-solving skills and the ability to work with complex datasets are required. The position supports organizational goals within the framework of data science, adhering to best practices in data management, analysis, and reporting."
Customer Service Manager,Client Experience,M4,"This role oversees daily operations of support teams to ensure high levels of customer satisfaction and efficient service delivery. Responsibilities include developing and implementing customer service policies, resolving escalated complaints, and analyzing performance metrics to drive continuous improvement. Strong leadership, communication, and problem-solving skills are essential for managing and motivating staff in a fast-paced environment. The position requires proficiency in conflict resolution, process optimization, and technology tools commonly used in support operations. Collaboration with other departments is also key to meeting organizational goals and maintaining quality standards."
Partnerships Manager,Channel Sales,M2-4,"This role is responsible for building and nurturing strategic relationships with external organizations to enhance the company’s brand visibility and drive mutual growth. Key duties include identifying partnership opportunities, negotiating collaboration agreements, and coordinating joint initiatives that align with organizational goals. Strong interpersonal and communication skills are essential for effectively managing stakeholder relationships and representing the company at industry events. The position also requires the ability to analyze partnership performance metrics and present recommendations to leadership. Experience in public relations, business development, and project management is crucial for success in this dynamic environment."
,,,
Human Resources Consultant,HR Operations,P3-4,"This role provides expert guidance to organizations on HR policies, talent management strategies, and compliance with employment laws. Responsibilities include conducting audits of current HR practices, developing tailored solutions for workforce challenges, and facilitating training sessions for staff and management. Strong analytical and interpersonal skills are required to assess organizational needs and foster effective communication between stakeholders. The position demands up-to-date knowledge of labor laws, compensation structures, and best practices in recruitment and employee relations. Success in this role involves delivering actionable recommendations to optimize workplace performance and ensure regulatory compliance."
People Operations Analyst,HR Operations,P3,"This role analyzes workforce data to identify trends, optimize staffing strategies, and enhance organizational efficiency. Responsibilities include developing models to forecast talent needs, evaluating HR policies, and recommending data-driven improvements to people management processes. Proficiency in statistical analysis, data visualization tools, and HR information systems is essential for success in this position. Strong communication and problem-solving skills are required to present findings and influence decision-making among leadership. Collaborating with cross-functional teams, the individual will ensure operational strategies align with overall business objectives."
Content Writer,Writing & Editing,P4,"Responsible for researching, creating, and editing original written materials for various platforms, this professional crafts engaging and informative content tailored to target audiences. Key duties include conducting thorough topic research, developing content outlines, and adhering to specific style and brand guidelines. Strong writing, grammar, and communication skills are essential, along with the ability to adapt tone and format for different mediums, such as blogs, websites, or marketing materials. Regular collaboration with editors, designers, and subject matter experts ensures content accuracy and effectiveness. Proficiency in SEO principles and content management systems is highly valued to optimize visibility and engagement."
,,,
Business Development Representative,Field Sales,P2-4,"Responsible for identifying and cultivating new business opportunities, this role conducts outreach to prospective clients and nurtures relationships to drive company growth. Key tasks include delivering informative presentations, training clients on products or services, and supporting onboarding processes to ensure alignment with organizational learning objectives. Strong communication, persuasion, and interpersonal skills are essential, as is the ability to tailor messaging for diverse audiences. This position analyzes market trends and client needs to tailor training and development initiatives that maximize client engagement and satisfaction. Success in this role requires a blend of instructional ability, sales acumen, and a passion for supporting client development and retention."
Content Marketer,Brand Marketing,P3,"This professional develops and implements engaging strategies to promote brand awareness and drive customer engagement across digital platforms. They research target audiences and analyze market trends to inform content creation and distribution plans. Responsibilities include creating written and visual content, managing editorial calendars, and evaluating campaign performance metrics. Strong communication, creativity, and analytical skills are essential for success in this role. Proficiency with content management systems, SEO, and social media marketing tools is also required."
,,,
Revenue Analyst,Accounting,P4,"This role involves evaluating and interpreting financial data to optimize lending strategies and maximize profit margins for loan products. Responsibilities include analyzing loan performance, identifying revenue trends, and supporting pricing decisions through detailed financial modeling. The position requires strong analytical skills, proficiency in financial software, and a solid understanding of loan portfolio management. Regular collaboration with sales and underwriting teams ensures alignment on growth objectives and risk tolerances. Effective communication and problem-solving abilities are essential for recommending actionable insights to enhance lending processes."
Recruiter,Talent Acquisition,P2,"This role specializes in sourcing, screening, and interviewing candidates to fill various organizational staffing needs. It requires strong interpersonal and communication skills to effectively liaise with both hiring managers and job seekers. Responsibilities include developing job postings, conducting initial interviews, and coordinating the recruitment process from start to offer. Attention to detail and strong organizational abilities are essential for managing multiple open positions and maintaining accurate records. Familiarity with labor laws and applicant tracking systems is important to ensure compliance and efficiency throughout the hiring process."
Software Engineer,Software Engineering,P4,"Designs, develops, and tests software applications and systems to meet user needs and performance requirements. Collaborates with cross-functional teams to translate functional specifications into technical solutions. Writes clean, efficient code while following best practices in software development and version control. Troubleshoots, debugs, and maintains existing programs, ensuring reliability and scalability. Requires proficiency in programming languages, analytical problem-solving abilities, and familiarity with development frameworks and methodologies."
,,,
Events Manager,Event Planning,M3-4,"This role is responsible for organizing, coordinating, and executing a wide range of events, such as conferences, meetings, and conventions. Key duties include budgeting, selecting venues, managing vendors, arranging logistics, and ensuring smooth on-site operations. The position requires excellent organizational and time-management skills, strong communication abilities, and attention to detail. Collaboration with clients and internal teams is essential to meet objectives and deliver memorable experiences. Problem-solving skills and adaptability are also necessary to resolve last-minute challenges and prioritize client satisfaction."
Product Designer,UX/UI Design,P2,"This role focuses on creating and refining concepts for new or improved commercial and industrial products, balancing functionality, aesthetics, and user experience. Responsibilities include conducting user research, developing prototypes, and collaborating with engineering and marketing teams to ensure design feasibility and market fit. Proficiency in design software, strong visualization skills, and an understanding of manufacturing processes are essential. The position often requires presenting ideas and revisions to stakeholders, as well as iterating designs based on feedback. Attention to detail, problem-solving, and project management abilities are key for successfully bringing innovative products to market."
Copywriter,Writing & Editing,P2-4,"This role is responsible for crafting persuasive and engaging written content for a range of marketing channels, such as advertisements, websites, social media, and email campaigns. Duties include conducting research to understand target audiences, developing messaging strategies, and collaborating with designers and marketing teams to ensure brand consistency. Strong writing, editing, and storytelling abilities are essential, along with keen attention to detail. Creativity, adaptability, and the capacity to work under tight deadlines are key requirements. Familiarity with SEO principles and digital marketing trends is highly desirable."
Financial Analyst,Financial Planning & Analysis,P2-6,"This role evaluates loan applications by analyzing applicants’ financial status, credit, and property evaluations. Responsibilities include preparing detailed reports, verifying documentation, and ensuring compliance with lending policies and regulations. The position requires strong analytical skills, attention to detail, and the ability to communicate complex financial information clearly to clients and stakeholders. Proficiency in financial modeling and loan underwriting software is essential. Ensuring accurate risk assessments and facilitating responsible lending practices are key priorities in this position."
Product Management Director,Product Strategy,E5,"This role oversees the strategy, development, and lifecycle of product lines to drive organizational growth and market success. Responsibilities include leading cross-functional teams, setting product vision, and ensuring effective go-to-market execution. Strong leadership, analytical, and decision-making skills are essential, along with experience in managing budgets and performance metrics. The position requires collaborating with stakeholders to align product initiatives with overall business objectives. Proven ability to navigate complex business environments and deliver results is critical in this capacity."
,,,
Recruiter,Talent Acquisition,P2,"This role specializes in sourcing, screening, and interviewing candidates to fill various organizational staffing needs. It requires strong interpersonal and communication skills to effectively liaise with both hiring managers and job seekers. Responsibilities include developing job postings, conducting initial interviews, and coordinating the recruitment process from start to offer. Attention to detail and strong organizational abilities are essential for managing multiple open positions and maintaining accurate records. Familiarity with labor laws and applicant tracking systems is important to ensure compliance and efficiency throughout the hiring process."
,,,
Product Manager,Product Strategy,M2,"Overseeing the development and lifecycle of products, this role ensures alignment between company strategy and customer needs. Responsibilities include coordinating cross-functional teams, conducting market analysis, and defining product roadmaps. Strong leadership and communication skills are essential for driving project success and facilitating stakeholder collaboration. Financial acumen and the ability to interpret data guide effective decision-making. This position requires adaptability, organizational expertise, and a focus on delivering profitable, high-quality products within operational objectives."
Marketing Manager,Brand Marketing,M2-4,"Responsible for developing and executing strategic marketing plans to drive brand awareness, customer engagement, and revenue growth. Oversees market research, analyzes trends, and identifies opportunities for promotional campaigns. Manages and mentors a team, coordinates with cross-functional departments, and allocates budgets effectively. Strong leadership, communication, analytical, and project management skills are essential. Ensures all marketing activities align with organizational objectives and comply with industry standards."
,,,
Producer,Film & Video Production,M1-2,"Oversees the planning, coordination, and execution of creative projects such as film, television, or digital productions. Collaborates with writers, directors, and technical crews to ensure projects are completed on time, within budget, and meet quality standards. Manages financing, contracts, and schedules while addressing any challenges that arise during production. Requires strong leadership, decision-making, communication, and problem-solving skills. Ensures the final product aligns with the creative vision and organizational goals."
,,,
Demand Generation Director,Brand Marketing,M4,"Overseeing the strategy and execution of integrated marketing campaigns, this leader drives targeted customer acquisition and pipeline growth for the organization. They collaborate closely with sales, product, and digital teams to optimize lead generation initiatives. Analyzing market trends and campaign metrics, they ensure resources are allocated to the most impactful channels. Strong analytical, leadership, and communication skills are essential for aligning cross-functional teams and delivering measurable ROI. Deep expertise in digital marketing, marketing automation tools, and B2B campaign management is required."
,,,
People Operations Generalist,HR Operations,P3,"Responsible for overseeing daily HR functions, this professional manages employee relations, benefits administration, and onboarding processes to support organizational goals. They ensure compliance with labor laws while developing and implementing HR policies and procedures. Skilled in conflict resolution, they foster a positive work environment and address staff concerns promptly. Utilizing strong communication and organizational abilities, they maintain accurate records and support performance management initiatives. Proficiency with HR information systems and a solid understanding of workforce planning are essential for success in this role."
,,,
Compensation Analyst,Compensation & Benefits,P3-4,"This role is responsible for analyzing wage data to ensure pay structures are both competitive and equitable within the organization. Key duties include conducting compensation surveys, evaluating job descriptions, and recommending adjustments to salary structures. Strong analytical and quantitative skills are essential for interpreting data and producing detailed reports for management review. The position also requires a solid understanding of compensation laws and best practices. Excellent communication and organizational skills are needed to collaborate effectively with HR teams and support strategic decision-making."
Software Engineer,Software Engineering,P1-7,"Designs, develops, and tests software applications and systems to meet user needs and performance requirements. Collaborates with cross-functional teams to translate functional specifications into technical solutions. Writes clean, efficient code while following best practices in software development and version control. Troubleshoots, debugs, and maintains existing programs, ensuring reliability and scalability. Requires proficiency in programming languages, analytical problem-solving abilities, and familiarity with development frameworks and methodologies."
,,,
Salesforce Developer,Field Sales,P2-5,"This role involves designing, developing, and maintaining customized solutions within the Salesforce platform to meet organizational needs. Responsibilities include coding, integrating third-party applications, troubleshooting technical issues, and optimizing existing processes for efficiency. Proficiency in Apex, Visualforce, Lightning components, and Salesforce APIs is essential, alongside experience with software development methodologies. Strong problem-solving and communication skills are required for collaborating with cross-functional teams and translating business requirements into technical solutions. The position aligns with the Software Developers SOC category, focusing on building and enhancing software applications to improve business operations."
Services Specialist,Business Administration,P3,"This role focuses on supporting the efficient delivery, coordination, and enhancement of business services across various internal and external functions. Key responsibilities include analyzing processes, implementing improvements, and ensuring compliance with company policies and client requirements. Success in this position requires strong organizational and problem-solving skills, as well as proficiency in project management and data analysis. Effective communication and collaboration with teams and stakeholders are essential. Adaptability and attention to detail help ensure the consistent quality of business operations."
,,,
,,,
Customer Operations Manager,Client Experience,M2-4,"This role oversees daily activities within customer service departments to ensure efficient, high-quality support and satisfaction. Key responsibilities include developing and implementing operational strategies, managing team performance, and analyzing service metrics to drive continuous improvement. Success in this position requires strong leadership, excellent communication skills, and proficiency in problem-solving and process optimization. The ability to coordinate cross-functional teams and allocate resources effectively is essential. Candidates should also be adept at interpreting data and using customer feedback to enhance overall operations and meet organizational goals."
,,,
Copywriter,Writing & Editing,P4,"This role is responsible for crafting persuasive and engaging written content for a range of marketing channels, such as advertisements, websites, social media, and email campaigns. Duties include conducting research to understand target audiences, developing messaging strategies, and collaborating with designers and marketing teams to ensure brand consistency. Strong writing, editing, and storytelling abilities are essential, along with keen attention to detail. Creativity, adaptability, and the capacity to work under tight deadlines are key requirements. Familiarity with SEO principles and digital marketing trends is highly desirable."
,,,
Product Management Director,Product Strategy,E5,"This role oversees the strategy, development, and lifecycle of product lines to drive organizational growth and market success. Responsibilities include leading cross-functional teams, setting product vision, and ensuring effective go-to-market execution. Strong leadership, analytical, and decision-making skills are essential, along with experience in managing budgets and performance metrics. The position requires collaborating with stakeholders to align product initiatives with overall business objectives. Proven ability to navigate complex business environments and deliver results is critical in this capacity."
Chief Executive Officer,C-Suite & Chief Officers,E6,"The individual in this position is responsible for setting the strategic vision and long-term goals of the organization while ensuring its overall growth and success. They oversee operations, manage senior leadership teams, and allocate resources to drive organizational performance. Key responsibilities include developing and implementing high-level policies, representing the company to stakeholders, and ensuring compliance with regulations. Strong leadership, decision-making, and communication skills are essential, along with proven ability to analyze complex situations and guide teams through change. Expertise in financial management, relationship-building, and strategic planning is required for success in this executive role."
Chief Product Officer,C-Suite & Chief Officers,E5,"Leads the overall product vision and strategy in alignment with company objectives, driving innovation and market differentiation. Oversees cross-functional teams responsible for product development, management, and lifecycle optimization. Collaborates closely with executive leadership to set priorities and allocate resources efficiently. Utilizes advanced leadership, analytical, and communication skills to inspire teams and ensure product success in competitive markets. Analyzes industry trends and customer needs to guide long-term product planning and business growth."
Product Designer,UX/UI Design,P6,"This role focuses on creating and refining concepts for new or improved commercial and industrial products, balancing functionality, aesthetics, and user experience. Responsibilities include conducting user research, developing prototypes, and collaborating with engineering and marketing teams to ensure design feasibility and market fit. Proficiency in design software, strong visualization skills, and an understanding of manufacturing processes are essential. The position often requires presenting ideas and revisions to stakeholders, as well as iterating designs based on feedback. Attention to detail, problem-solving, and project management abilities are key for successfully bringing innovative products to market."
People Operations Analyst,HR Operations,P3,"This role analyzes workforce data to identify trends, optimize staffing strategies, and enhance organizational efficiency. Responsibilities include developing models to forecast talent needs, evaluating HR policies, and recommending data-driven improvements to people management processes. Proficiency in statistical analysis, data visualization tools, and HR information systems is essential for success in this position. Strong communication and problem-solving skills are required to present findings and influence decision-making among leadership. Collaborating with cross-functional teams, the individual will ensure operational strategies align with overall business objectives."
,,,
Chief Financial Officer,C-Suite & Chief Officers,E5,"Oversees the overall financial strategy, planning, and management of an organization, ensuring fiscal responsibility and compliance with regulatory standards. Collaborates with executive leadership to drive business growth and optimize financial performance. Leads budgeting, forecasting, investment analysis, and risk management activities. Requires strong analytical, leadership, and communication skills as well as proficiency in financial modeling and strategic planning. Guides teams to align organizational goals with financial sustainability and long-term value creation."
Videographer,Film & Video Production,P2-4,"This role involves operating cameras and other recording equipment to capture high-quality video footage for television, film, or digital platforms. Responsibilities include setting up shots, selecting appropriate lighting, and collaborating with directors and production teams to achieve the desired visual style. Strong technical skills in camera operation, video editing software, and audio equipment are essential, as well as an eye for composition and detail. The position requires adaptability in fast-paced environments and the ability to troubleshoot equipment issues quickly. Effective communication and time management skills are vital to ensure smooth production workflows."
,,,
,,,
Customer Success Manager,Customer Success Management,P2-4,"Overseeing client relationships, this professional ensures customers achieve their goals by using company products or services effectively. Responsibilities include onboarding new clients, addressing concerns, and proactively identifying opportunities for upselling or cross-selling. Strong communication and problem-solving skills are required, along with an ability to analyze customer feedback and usage data. Collaboration with sales and product teams is key to maintaining high client satisfaction and loyalty. Demonstrating leadership in managing accounts, this role directly contributes to revenue growth and overall business success."
Case Development Specialist,Social Services,P3,"This role involves supporting attorneys by organizing case files, preparing legal documents, and coordinating communication between clients and legal teams. Responsibilities include managing deadlines, maintaining detailed records, and assisting with case research to ensure all necessary information is accessible. Proficiency in legal terminology, excellent organizational skills, and strong attention to detail are essential for success. The position requires effective written and verbal communication abilities, as well as the capacity to handle confidential information with discretion. Familiarity with legal software and office administration is highly valued to keep workflow efficient and compliant with regulations."
Vice President of Engineering,Vice Presidents,E2-3,"This executive leads the strategy, direction, and performance of engineering teams within an organization. Responsibilities include overseeing product development, managing budgets, and ensuring alignment with overall business goals. The role demands strong leadership, decision-making, and communication skills to coordinate cross-functional initiatives and mentor senior technical staff. Experience with technology roadmaps, innovation management, and stakeholder engagement is essential. This individual reports to executive leadership and plays a pivotal role in shaping the organization’s technical vision and growth."
,,,
,,,
Data Scientist,Data Science & Analytics,P2,"This role involves analyzing complex datasets to uncover actionable insights that inform business decisions. Responsibilities include developing predictive models, designing experiments, and visualizing data trends. Proficiency in programming languages such as Python or R, along with expertise in statistical analysis and machine learning, is essential. Collaboration with cross-functional teams to translate technical findings into practical solutions is a key aspect of the position. Strong communication and problem-solving skills are required to effectively interpret and present data-driven recommendations."
,,,
,,,
,,,
Market Research Analyst,Brand Marketing,P2-4,"This role involves gathering and analyzing data on consumers, competitors, and market conditions to inform business decisions. Responsibilities include designing surveys, interpreting data trends, and presenting actionable insights to management and marketing teams. Strong analytical skills, proficiency in statistical software, and the ability to communicate complex findings clearly are essential. Collaboration with product development, sales, and advertising teams is often required to implement effective marketing strategies. Attention to detail and a solid understanding of market dynamics are crucial for success in this position."
,,,
,,,
,,,
,,,
,,,
,,,
Chief Revenue Officer,C-Suite & Chief Officers,E5,"This executive oversees all revenue-generating operations, creating and implementing strategies to drive business growth and maximize profitability. They collaborate with sales, marketing, and customer success teams to ensure cohesive efforts align with organizational goals. Strong leadership, analytical thinking, and decision-making skills are essential for evaluating market trends and identifying new opportunities. Responsibilities include managing budgets, setting performance targets, and fostering relationships with key stakeholders. Expertise in financial management, strategic planning, and cross-functional team leadership is required to excel in this role."
Marketing Operations Manager,Brand Marketing,M3-4,"Responsible for designing and optimizing marketing processes to support campaign execution and lead management. Oversees the implementation and effectiveness of marketing technologies, ensuring seamless data integration and reporting across platforms. Collaborates closely with cross-functional teams to align marketing strategies with business objectives and drive measurable results. Strong analytical skills and proficiency with marketing automation tools are essential for success in this role. Requires experience in project management, process improvement, and effective communication to coordinate initiatives and maximize efficiency."
,,,
IT Support Manager,Technical Support,M2-4,"This role oversees and coordinates daily operations of the IT support team, ensuring timely resolution of technical issues and high-quality service delivery. Responsibilities include managing staff performance, setting workflow priorities, and developing support procedures to improve efficiency. The position requires strong leadership skills, a solid understanding of IT systems and troubleshooting, and experience in resource planning and budgeting. Effective communication and problem-solving abilities are essential for interfacing with both technical teams and organizational leadership. The manager is also accountable for monitoring service metrics, reporting progress to upper management, and driving continuous improvement initiatives."
,,,
,,,
Data Engineer,Data Science & Analytics,P4,"This role is responsible for designing, constructing, and maintaining scalable data architectures that support advanced analytics and business intelligence solutions. Core responsibilities include developing robust data pipelines, optimizing data flow, and ensuring the integrity and quality of extracted and transformed data sets. Proficiency with programming languages such as Python or Scala, as well as experience with SQL, distributed computing, and data modeling, is essential. This position requires collaboration with data analysts, scientists, and other stakeholders to deliver accessible and reliable data for analytical projects. Strong problem-solving skills and a solid grasp of database systems and cloud platforms are crucial for success in this occupation."
Event Staff,Event Planning,S3,"Professionals in this role coordinate logistics for meetings, conventions, and various events, ensuring smooth execution from setup to breakdown. They assist with registration, provide guest services, and address attendee needs throughout the event. Responsibilities also include collaborating with vendors, arranging materials, and enforcing safety protocols. Strong organizational and communication skills are essential, along with the ability to multitask and resolve unexpected issues quickly. Attention to detail and flexibility are critical in adapting to changing circumstances during events."
Chief Marketing Officer,C-Suite & Chief Officers,E5,"As a senior executive, this leader develops and executes comprehensive marketing strategies aligned with organizational objectives. Responsibilities include overseeing branding, advertising, market research, and digital initiatives to drive growth and market share. This role requires strong analytical abilities, exceptional communication skills, and experience managing large, cross-functional teams. Collaboration with other top executives guides overall business strategy and ensures consistent messaging. A proven track record in innovation, leadership, and strategic planning within highly competitive markets is essential."
AI Engineer,AI Engineering,P2,"This role focuses on designing, developing, and deploying artificial intelligence and machine learning solutions to address complex business challenges. Responsibilities include preprocessing and analyzing large datasets, building predictive models, and optimizing algorithms for performance and scalability. Proficiency in programming languages such as Python or R, knowledge of machine learning frameworks, and familiarity with cloud platforms are essential. Strong analytical, problem-solving, and data engineering skills are required to translate business requirements into effective AI solutions. Collaboration with cross-functional teams ensures successful integration of AI technologies into existing systems."
Video Editor,Photography & Videography,P1-4,"This role involves assembling recorded raw material into a finished product suitable for broadcasting, utilizing specialized editing software to enhance visual storytelling. Responsibilities include trimming footage, adding effects, color correction, and collaborating closely with directors and producers to realize creative visions. Precision, attention to detail, and a keen sense of timing are essential for ensuring continuity and narrative flow. Strong communication skills are required to interpret feedback and implement revisions efficiently. Knowledge of industry-standard software and up-to-date trends in editing techniques are crucial for producing high-quality content."
Vice President of Accounting,Vice Presidents,E1-3,"In this executive leadership role, the individual oversees all accounting operations, ensuring compliance with regulatory standards and driving financial strategy. They are responsible for managing teams, optimizing financial processes, and collaborating with other senior leaders to achieve organizational objectives. Proven expertise in financial management, regulatory compliance, and strategic planning is essential. The role requires strong decision-making, communication, and leadership skills to guide the organization’s fiscal health. This position sets the vision for accounting policies and ensures alignment with the broader goals of the executive management team."
,,,
,,,
,,,
,,,
Events Manager,Event Planning,M4,"This role is responsible for organizing, coordinating, and executing a wide range of events, such as conferences, meetings, and conventions. Key duties include budgeting, selecting venues, managing vendors, arranging logistics, and ensuring smooth on-site operations. The position requires excellent organizational and time-management skills, strong communication abilities, and attention to detail. Collaboration with clients and internal teams is essential to meet objectives and deliver memorable experiences. Problem-solving skills and adaptability are also necessary to resolve last-minute challenges and prioritize client satisfaction."
,,,
,,,
,,,
,,,
,,,
Chief Technology Officer,C-Suite & Chief Officers,E5,"Leads the development and execution of the organization's technological vision to support long-term growth and innovation. Oversees all aspects of technology strategy, including research, development, and implementation of new solutions. Collaborates closely with executive leadership to align technology initiatives with overall business objectives. Requires exceptional leadership, strategic planning, and advanced technical expertise. Ensures compliance with industry standards while fostering a culture of continuous improvement and innovation."
,,,
Product Marketing Director,Product Marketing,M4,"This role leads the strategy and execution of marketing initiatives for specific products, ensuring alignment with overall business objectives. Responsibilities include conducting market research, developing go-to-market plans, and overseeing product launches. The position requires strong analytical skills to interpret market trends, excellent communication abilities for cross-functional collaboration, and proven leadership in guiding marketing teams. Additional duties involve managing budgets, setting performance metrics, and optimizing campaigns for maximum impact. The ideal candidate demonstrates both creative and strategic thinking, with expertise in product positioning and messaging."
,,,
,,,
Marketing Project Manager,Brand Marketing,M3-4,"This role oversees the planning, execution, and delivery of marketing initiatives, ensuring projects are completed on time and within budget. Responsibilities include coordinating cross-functional teams, managing resources, and monitoring progress to achieve campaign objectives. Strong communication, organizational, and problem-solving skills are essential for collaborating with stakeholders and addressing project challenges. The position requires proficiency in project management tools and a solid understanding of marketing strategies and analytics. Success in this role is measured by the ability to drive effective campaigns that support overall business goals."
,,,
Lifecycle Marketing Manager,Brand Marketing,M3-4,"This role is responsible for developing and executing marketing strategies that engage customers throughout their entire journey, from acquisition to retention and re-engagement. Key duties include optimizing campaigns across multiple channels, analyzing customer data, and identifying opportunities for growth. Strong project management, analytical, and communication skills are essential to coordinate with cross-functional teams and ensure consistent messaging. Experience with marketing automation tools and data-driven decision-making is required to efficiently segment audiences and personalize campaigns. The candidate should stay current with industry trends to drive continuous improvement and achieve business objectives."
,,,
,,,
Data Engineer,Data Science & Analytics,P6,"This role is responsible for designing, constructing, and maintaining scalable data architectures that support advanced analytics and business intelligence solutions. Core responsibilities include developing robust data pipelines, optimizing data flow, and ensuring the integrity and quality of extracted and transformed data sets. Proficiency with programming languages such as Python or Scala, as well as experience with SQL, distributed computing, and data modeling, is essential. This position requires collaboration with data analysts, scientists, and other stakeholders to deliver accessible and reliable data for analytical projects. Strong problem-solving skills and a solid grasp of database systems and cloud platforms are crucial for success in this occupation."
Content Manager,Content Strategy,P2-4,"This professional is responsible for developing and implementing content strategies that drive brand awareness and audience engagement. They oversee the planning, creation, and distribution of digital and print content across multiple channels, ensuring consistency with brand messaging. Strong leadership and project management skills are required to coordinate with writers, designers, and external agencies. Analytical abilities are essential to monitor content performance and optimize strategies based on data-driven insights. Effective communication and a solid understanding of marketing trends and SEO best practices are vital for success in this role."
Paralegal,Corporate Legal,P2-4,"This role supports attorneys by conducting legal research, drafting documents, and organizing case files. Responsibilities include preparing reports, filing legal paperwork with courts, and assisting with trial preparation. Strong analytical skills, attention to detail, and proficiency with legal software are essential. The position requires excellent written and verbal communication abilities to interact with clients and legal professionals. Adherence to confidentiality and ethical standards is critical when managing sensitive legal information."
Product Researcher,Market Research,P4,"This role involves gathering and analyzing data on consumer preferences, competitor products, and market trends to inform business decisions. The individual designs and conducts surveys, usability studies, and interviews to assess product potential and user needs. Strong analytical skills, proficiency with data analysis tools, and the ability to synthesize insights from multiple sources are essential. Collaboration with product, marketing, and design teams ensures that recommendations are actionable and align with organizational goals. Clear reporting and presentation abilities are important for communicating findings to stakeholders and driving product strategy."
,,,
,,,
,,,
,,,
Product Manager,Product Strategy,M6,"Overseeing the development and lifecycle of products, this role ensures alignment between company strategy and customer needs. Responsibilities include coordinating cross-functional teams, conducting market analysis, and defining product roadmaps. Strong leadership and communication skills are essential for driving project success and facilitating stakeholder collaboration. Financial acumen and the ability to interpret data guide effective decision-making. This position requires adaptability, organizational expertise, and a focus on delivering profitable, high-quality products within operational objectives."
Chief Legal Officer,C-Suite & Chief Officers,E5,"Responsible for overseeing the organization’s legal affairs, this executive advises the board and senior management on legal strategy, risk, and regulatory compliance. They ensure all company practices align with laws and industry regulations, proactively mitigating potential legal issues. With expertise in contract negotiation, corporate governance, and dispute resolution, they manage external counsel and lead internal legal teams. Strong leadership, strategic thinking, and excellent communication skills are essential for success in this role. Duties also include setting legal policy, representing the company in high-stakes matters, and supporting business growth initiatives from a legal perspective."
,,,
Business Systems Director,Infrastructure & IT,E5,"Overseeing the alignment of technology initiatives with organizational goals, this leader manages the planning, development, and implementation of critical business systems. They supervise cross-functional IT teams, ensuring projects are delivered on time and within budget while maintaining system reliability and security. Key responsibilities include strategic analysis, process optimization, and integration of new technologies to drive operational efficiency. Strong communication, project management, and analytical skills are essential for effective collaboration with stakeholders and senior leadership. This position requires a deep understanding of enterprise systems and the ability to translate business needs into technical solutions."
Marketing Operations Manager,Brand Marketing,M4,"Responsible for designing and optimizing marketing processes to support campaign execution and lead management. Oversees the implementation and effectiveness of marketing technologies, ensuring seamless data integration and reporting across platforms. Collaborates closely with cross-functional teams to align marketing strategies with business objectives and drive measurable results. Strong analytical skills and proficiency with marketing automation tools are essential for success in this role. Requires experience in project management, process improvement, and effective communication to coordinate initiatives and maximize efficiency."
,,,
,,,
,,,
Demand Generation Director,Brand Marketing,M4,"Overseeing the strategy and execution of integrated marketing campaigns, this leader drives targeted customer acquisition and pipeline growth for the organization. They collaborate closely with sales, product, and digital teams to optimize lead generation initiatives. Analyzing market trends and campaign metrics, they ensure resources are allocated to the most impactful channels. Strong analytical, leadership, and communication skills are essential for aligning cross-functional teams and delivering measurable ROI. Deep expertise in digital marketing, marketing automation tools, and B2B campaign management is required."
General Counsel,Corporate Legal,P3,"This legal professional provides expert guidance to organizations on a wide array of legal matters, overseeing corporate compliance, risk management, and regulatory affairs. They draft, review, and negotiate contracts, ensuring all business activities align with applicable laws and regulations. Responsibilities include managing litigation, conducting legal research, and developing strategies to protect the organization’s interests. Strong analytical, negotiation, and leadership skills are essential, along with comprehensive knowledge of corporate and commercial law. The role often requires collaboration with senior management and external counsel to support the organization’s objectives while minimizing legal risks."
,,,
Sales Analyst,Field Sales,P4,"Responsible for analyzing sales data to identify market trends and business opportunities, this role supports strategic decision-making through regular reporting and forecasting. Key responsibilities include collecting and interpreting large data sets, creating visualizations, and generating actionable insights to optimize sales strategies. Collaboration with both sales and marketing teams is essential to develop effective campaigns and measure their outcomes. Strong analytical skills, attention to detail, and proficiency in statistical software and data management tools are required. Effective communication and presentation abilities are also vital to convey findings to stakeholders and drive results."
Tax Director,Accounting,E5,"Responsible for overseeing the preparation and review of complex tax returns for individuals and organizations, ensuring compliance with federal, state, and local regulations. Manages a team of tax professionals, providing guidance, mentorship, and training in current tax law and best practices. Develops and implements strategies to minimize tax liabilities and ensure accurate and timely filings. Requires strong analytical abilities, attention to detail, and a thorough understanding of tax codes and accounting principles. Excellent communication skills are essential for collaborating with clients and internal stakeholders."
Payroll Manager,Payroll,M3-4,"Overseeing all aspects of payroll processing, this role ensures accurate and timely compensation for employees while maintaining compliance with tax regulations and company policies. The position requires strong analytical skills to manage complex payroll systems and troubleshoot discrepancies. Responsibilities include supervising payroll staff, coordinating with HR and finance departments, and implementing system improvements. Effective communication and leadership abilities are essential for managing teams and facilitating training. Proven experience in payroll administration and a thorough knowledge of labor laws form the foundation for success in this management position."
,,,
,,,
,,,
Creative Director,Graphic Design,M5,"Leads the conceptualization and execution of visual concepts for advertising, branding, or media campaigns, ensuring alignment with client or organizational objectives. Oversees design teams, providing guidance and feedback throughout the creative process from ideation to final delivery. Collaborates closely with copywriters, designers, and marketing professionals to develop cohesive and innovative solutions. Requires expertise in design principles, project management, and strong communication skills to articulate creative vision and maintain project timelines. Stays current with industry trends to inspire unique and engaging visual experiences."
,,,
,,,
,,,
,,,
,,,
Research Specialist,Market Research,P1-4,"This role involves designing and conducting innovative studies to advance knowledge in computing and information technology. Responsibilities include developing algorithms, improving data processing methods, and addressing complex computational problems. Collaboration with interdisciplinary teams to apply theoretical concepts to practical solutions is essential. Strong analytical, programming, and critical thinking skills are required, along with the ability to communicate research findings clearly. Familiarity with current developments in computer science and proficiency in programming languages are expected."
,,,
Legal Counsel,Corporate Legal,P2,"This professional provides expert legal advice, drafts and reviews contracts, and ensures compliance with relevant laws and regulations. Responsibilities include representing the organization in negotiations, managing litigation, and advising on risk management strategies. Strong analytical and research abilities, superior communication skills, and keen attention to detail are essential. The role requires interpreting complex legal documents and statutes to guide business decisions. Collaboration with internal and external stakeholders is key to supporting organizational objectives and mitigating legal risks."
,,,
,,,
Procurement Specialist,Procurement & Purchasing,P2,"This role is responsible for sourcing and acquiring goods and services in accordance with organizational policies and cost efficiency goals. Key duties include evaluating suppliers, negotiating contracts, and managing purchase orders to ensure timely and accurate delivery. The position requires strong analytical skills to assess market trends and vendor performance. Effective communication and attention to detail are essential for coordinating with internal departments and external partners. Proficiency in procurement software and a solid understanding of supply chain processes are also important for success in this position."
Server Project Manager,Delivery & Implementation,M3,"Overseeing complex server-related projects from initiation to completion, this role requires expert planning, coordination, and execution of tasks to meet organizational goals. Responsibilities include managing project timelines, budgets, and resources while mitigating risks and ensuring quality standards are met. Strong leadership and communication skills are essential for collaborating with cross-functional teams and stakeholders. Analytical thinking and problem-solving abilities are necessary to address technical challenges and adapt to evolving project requirements. Proficiency in project management methodologies and familiarity with server infrastructure are key for driving successful implementations."
Purchasing Manager,Procurement & Purchasing,M4,"Overseeing the procurement process, this role is responsible for sourcing suppliers, negotiating contracts, and ensuring timely delivery of quality goods and services. Duties include monitoring inventory levels, managing purchasing budgets, and developing strong vendor relationships. The position requires strong analytical skills for cost analysis, as well as effective communication and negotiation abilities. Ensuring compliance with organizational and regulatory standards is essential. Successful candidates should demonstrate leadership in supervising purchasing staff and implementing process improvements."
Quality Control Director,Operations Leadership,M4,"Overseeing production operations, this leader ensures adherence to established quality standards across manufacturing processes. They develop and implement quality control systems, analyze performance data, and drive continuous improvement initiatives. Effective communication with cross-functional teams and regulatory bodies is essential, as is managing audits and compliance documentation. Critical thinking, leadership, and a strong background in quality management methodologies are required for success. Additionally, they are responsible for training staff on quality procedures and fostering a culture of excellence and safety throughout the organization."
Social Media Manager,Brand Marketing,M2-4,"This professional oversees online community engagement and digital outreach initiatives to support organizational goals. They develop, implement, and monitor social media strategies, ensuring alignment with broader community programs and campaigns. Key responsibilities include content creation, analytics reporting, and managing relationships with partners, influencers, and stakeholders. Strong communication, leadership, and project management skills are essential, as well as a deep understanding of emerging social media trends and platforms. The role requires adaptability and a passion for fostering positive online interactions that enhance community well-being and support service objectives."
,,,
,,,
,,,
,,,
,,,
,,,
Deal Desk Manager,Field Sales,M4,"The Deal Desk Manager oversees the structuring and approval of complex sales deals, ensuring alignment with company policies and profitability targets. This role requires collaboration with sales, finance, and legal teams to support strategic decision-making and streamline pricing, discounting, and contract processes. Strong analytical skills are essential for evaluating business terms and mitigating risks while maximizing revenue opportunities. Effective communication and negotiation abilities are crucial for facilitating solutions and stakeholder consensus. Proven experience in sales operations or sales management, along with proficiency in CRM and financial systems, is highly valued for success in this position."
,,,
,,,
,,,
Vice President of Finance,Vice Presidents,E1-3,"Overseeing all financial operations, this executive provides strategic direction to drive the organization’s fiscal health and growth. Key responsibilities include financial planning, risk management, budget oversight, and ensuring compliance with regulatory requirements. They lead and mentor finance teams, collaborating with other senior leaders to support overall business objectives. Strong analytical, leadership, and decision-making skills are essential, along with deep expertise in accounting principles and financial regulations. Experience in long-term financial strategy and effective stakeholder communication is required for success in this high-level leadership role."
Marketing Manager,Brand Marketing,M4,"Responsible for developing and executing strategic marketing plans to drive brand awareness, customer engagement, and revenue growth. Oversees market research, analyzes trends, and identifies opportunities for promotional campaigns. Manages and mentors a team, coordinates with cross-functional departments, and allocates budgets effectively. Strong leadership, communication, analytical, and project management skills are essential. Ensures all marketing activities align with organizational objectives and comply with industry standards."
,,,
,,,
,,,
Customer Service Director,Client Experience,M5,"Overseeing the strategic direction and daily operations of customer support teams, this leader ensures exceptional service standards and customer satisfaction. They develop and implement policies, manage budgets, and analyze performance metrics to drive continuous improvement. Skilled in conflict resolution, communication, and team leadership, they coordinate cross-departmental initiatives to enhance the customer journey. Responsibilities include hiring, training, and mentoring staff, as well as handling escalated issues and maintaining key client relationships. The position requires strong decision-making abilities and experience in managing complex service environments."
,,,
Marketing Manager,Brand Marketing,M4,"Responsible for developing and executing strategic marketing plans to drive brand awareness, customer engagement, and revenue growth. Oversees market research, analyzes trends, and identifies opportunities for promotional campaigns. Manages and mentors a team, coordinates with cross-functional departments, and allocates budgets effectively. Strong leadership, communication, analytical, and project management skills are essential. Ensures all marketing activities align with organizational objectives and comply with industry standards."
,,,
Vice President of Operations,Vice Presidents,E1-3,"Overseeing company-wide operational strategies, this executive ensures that business objectives align with long-term growth and profitability. They provide leadership to multiple departments, streamlining processes for maximum efficiency and productivity. Responsibilities include setting performance goals, analyzing key metrics, and implementing policies to enhance overall organizational effectiveness. Strong decision-making, financial acumen, and team management skills are essential to drive operational excellence. Close collaboration with other senior leaders is required to guide corporate initiatives and adapt to evolving market demands."
Benefits Specialist,Compensation & Benefits,P3,"This role is responsible for administering employee benefits programs, including health insurance, retirement plans, and leave policies. Key duties involve evaluating benefit offerings, ensuring regulatory compliance, and communicating plan details to employees. The position requires strong analytical and organizational skills to manage benefit enrollment, resolve claims issues, and process documentation accurately. Collaboration with HR teams and external vendors is essential to maintain efficient benefits administration. Attention to detail, knowledge of relevant laws, and excellent interpersonal abilities are crucial for success in this role."
Routing Specialist,Distribution,P3,"Responsible for coordinating and scheduling the movement of goods, this professional ensures cargo is delivered efficiently and on time. Duties include preparing shipping documents, managing tracking systems, and addressing logistical challenges that arise during transit. Strong organizational skills and attention to detail are essential for monitoring shipments and updating clients on delivery statuses. Collaboration with carriers, warehouse staff, and customers is required to resolve issues and streamline operations. Proficiency in logistics software and clear communication abilities are vital to maintain workflow within the cargo and freight handling process."
Water Management Specialist,Environmental Conservation & Land Management,P3,"This role evaluates and develops strategies for efficient use and conservation of water resources in various settings. Responsibilities include analyzing water usage data, ensuring compliance with relevant regulations, and recommending improvements to water management systems. The position requires strong analytical and problem-solving skills, as well as knowledge of environmental regulations and resource sustainability practices. Effective communication is essential for coordinating with stakeholders and preparing detailed reports. Familiarity with project management and data analysis tools is highly valued in this capacity."
Sales Operations Manager,Sales Operations,M4,"This role is responsible for optimizing and overseeing sales processes to ensure the team meets its revenue targets. Key duties include analyzing sales data, implementing efficient procedures, and coordinating between departments to drive business growth. Strong analytical abilities, excellent communication skills, and experience with CRM software are required. The position involves creating forecasts, setting performance metrics, and supporting the sales team with training and resources. Leadership and strategic planning skills are essential for developing and executing sales strategies in alignment with organizational goals."
,,,
,,,
People Operations Generalist,HR Operations,P3,"Responsible for overseeing daily HR functions, this professional manages employee relations, benefits administration, and onboarding processes to support organizational goals. They ensure compliance with labor laws while developing and implementing HR policies and procedures. Skilled in conflict resolution, they foster a positive work environment and address staff concerns promptly. Utilizing strong communication and organizational abilities, they maintain accurate records and support performance management initiatives. Proficiency with HR information systems and a solid understanding of workforce planning are essential for success in this role."
,,,
,,,
Digital Marketing Manager,Digital Marketing,M4,"Responsible for developing and executing comprehensive online marketing strategies to increase brand awareness, drive customer engagement, and achieve organizational objectives. Oversees the creation and optimization of digital campaigns across various platforms such as social media, email, and search engines. Analyzes marketing data to measure campaign effectiveness and provides actionable insights for continuous improvement. Collaborates with creative, sales, and technical teams to ensure consistent brand messaging and seamless project delivery. Requires strong analytical abilities, expertise in digital marketing tools, excellent communication skills, and proven leadership experience."
,,,
,,,
People Operations Director,HR Operations,M4,"This leadership role oversees the strategic direction of employee lifecycle management, ensuring organizational objectives are met through effective people processes. Key responsibilities include developing and implementing HR policies, managing talent acquisition, and driving initiatives that enhance workplace culture. The position requires strong skills in leadership, communication, problem-solving, and data-driven decision making. Collaborating with executive leadership, it ensures alignment of human resources with business goals. A deep understanding of employment law and change management is essential for success in this capacity."
,,,
,,,
,,,
Payroll Specialist,Payroll,P2-4,"This role is responsible for accurately processing employee time records and ensuring timely payroll distribution. Duties include maintaining payroll data, verifying hours worked, and calculating wages and deductions in compliance with company policies and legal regulations. Strong attention to detail, proficiency in payroll software, and familiarity with accounting principles are essential. Effective communication skills are important for addressing employee inquiries and coordinating with other departments. The position also involves preparing reports, maintaining confidentiality, and resolving discrepancies proactively."
Research Support Specialist,Applied Science,P3,"This position assists researchers by collecting, organizing, and analyzing scientific data in laboratory or field settings. Responsibilities include preparing materials, maintaining equipment, and documenting procedures and results to ensure accurate and reliable outcomes. Strong analytical skills and attention to detail are essential for supporting complex scientific experiments and troubleshooting technical issues. The role requires effective communication, collaboration with research staff, and adherence to safety and regulatory protocols. Proficiency in using specialized software and instrumentation is also necessary to advance ongoing research projects."
,,,
,,,
Sales Development Director,Field Sales,M4,"Leads and oversees a team responsible for generating new business opportunities and nurturing client relationships to drive revenue growth. Develops strategic plans, sets sales targets, and monitors performance metrics to ensure the achievement of organizational sales goals. Coaches and mentors sales development representatives, fostering skill development in prospecting, negotiation, and pipeline management. Collaborates cross-functionally with marketing and product teams to align outreach strategies and market positioning. Requires strong leadership abilities, analytical skills, and experience with CRM systems and B2B sales processes."
Public Relations Manager,Public Relations,M4,"Overseeing the development and execution of communication strategies, this role is responsible for managing an organization’s public image and media relations efforts. Duties include drafting press releases, organizing press conferences, and coordinating with internal teams to ensure consistent messaging. Strong written and verbal communication skills, leadership abilities, and experience in crisis management are essential for success. This position requires building and maintaining relationships with journalists, stakeholders, and the public. Analytical thinking, project management, and proficiency in media monitoring tools are also important for evaluating campaign effectiveness and reputation management."
Legal Counsel,Corporate Legal,P4,"This professional provides expert legal advice, drafts and reviews contracts, and ensures compliance with relevant laws and regulations. Responsibilities include representing the organization in negotiations, managing litigation, and advising on risk management strategies. Strong analytical and research abilities, superior communication skills, and keen attention to detail are essential. The role requires interpreting complex legal documents and statutes to guide business decisions. Collaboration with internal and external stakeholders is key to supporting organizational objectives and mitigating legal risks."
,,,
,,,
Research Scientist,Applied Science,P4,"This role involves designing and conducting innovative experiments to advance knowledge in computing and information technology. Responsibilities include developing algorithms, creating models, and evaluating new approaches to solve complex technological challenges. The position requires expertise in programming languages, data analysis, and strong problem-solving skills. Collaboration with cross-functional teams and clear communication of research findings are essential. A master's or doctoral degree in computer science or a related field is typically required."
Customer Success Director,Customer Success Management,M5,"This leadership role oversees the strategic direction and performance of customer success teams, ensuring client satisfaction and retention. Responsibilities include developing relationship management processes, collaborating with cross-functional departments, and implementing initiatives that drive customer engagement and loyalty. The position requires strong analytical abilities, exceptional communication skills, and a keen understanding of customer lifecycle management. Proven experience in managing high-performing teams and building customer-centric strategies is essential. Success in this role demands a results-oriented mindset, adaptability, and the ability to resolve complex client issues with poise."
Video Editor,Photography & Videography,P2,"This role involves assembling recorded raw material into a finished product suitable for broadcasting, utilizing specialized editing software to enhance visual storytelling. Responsibilities include trimming footage, adding effects, color correction, and collaborating closely with directors and producers to realize creative visions. Precision, attention to detail, and a keen sense of timing are essential for ensuring continuity and narrative flow. Strong communication skills are required to interpret feedback and implement revisions efficiently. Knowledge of industry-standard software and up-to-date trends in editing techniques are crucial for producing high-quality content."
,,,
Strategic Initiatives Director,Marketing Leadership,M4,"Responsible for overseeing high-impact projects and driving organizational growth, this role leads cross-functional teams to execute complex initiatives aligned with company objectives. Duties include developing strategic plans, monitoring project progress, and optimizing resource allocation to ensure successful outcomes. The position requires strong leadership, analytical thinking, and excellent communication skills to facilitate collaboration among departments. Expertise in change management and the ability to analyze market trends are essential for identifying new opportunities and mitigating risks. A proven track record in operations, strategic planning, and business development is necessary to excel in this leadership capacity."
,,,
,,,
,,,
Production Designer,Film & Video Production,P4,"This role is responsible for conceptualizing and developing the overall visual look for various media productions, including film, television, and live events. Key tasks include collaborating with directors and producers to create set designs, selecting props, and overseeing the construction and decoration of settings. Proficiency in design software, strong artistic sensibilities, and a deep understanding of spatial composition are essential for success. The ability to manage budgets, coordinate with multiple departments, and adapt to shifting creative requirements is crucial. Candidates should possess strong communication and project management skills to ensure cohesive and visually compelling environments."
Business Intelligence Director,Data Science & Analytics,E5,"Responsible for overseeing the strategic development and implementation of data analytics initiatives to support organizational decision-making. Leads cross-functional teams in analyzing business trends, generating actionable insights, and identifying growth opportunities. Ensures the accuracy, integrity, and security of data while optimizing reporting processes and tools. Requires strong leadership, analytical, and communication skills, along with proficiency in data visualization and business intelligence software. Collaborates closely with senior management to align data initiatives with overall business objectives."
,,,
Product Operations Director,Delivery & Implementation,E5,"Overseeing cross-functional teams, this leader drives the planning, execution, and optimization of product-related processes within the organization. Responsible for aligning operational strategies with business goals, they ensure efficient product lifecycle management from development to market launch. Key duties include analyzing performance metrics, implementing process improvements, and collaborating with product, engineering, and marketing departments. Strong analytical, communication, and leadership skills are essential, as well as expertise in project management and change facilitation. This role requires a strategic mindset to balance stakeholder expectations and continuous operational excellence."
Strategic Partnerships Director,Account Management,E5,"This role leads the identification, negotiation, and management of alliances that drive organizational growth and competitive advantage. Responsibilities include developing partnership strategies, managing cross-functional teams, and aligning partnership initiatives with overall business objectives. Key skills required are business development, relationship management, strong communication, and analytical thinking. The incumbent ensures partnership performance is measured and optimized through data-driven approaches. Leadership abilities and experience in operational planning are essential for coordinating with internal stakeholders and external partners."
,,,
Accounts Receivable Specialist,Accounting,P4,"This role is responsible for processing incoming payments and maintaining accurate records of accounts and transactions. Key tasks include preparing and sending invoices, reconciling payment discrepancies, and following up with clients to ensure timely collection of outstanding balances. Strong attention to detail and proficiency with accounting software are essential for entering financial data and generating reports. The position also requires excellent communication and organizational skills to resolve billing issues and support overall accounting operations. Previous experience in bookkeeping or general accounting is preferred to ensure compliance with company and regulatory standards."
,,,
,,,
,,,
Training Manager,Learning & Development,M3-4,"Overseeing the design, implementation, and evaluation of training programs to enhance employee skills and organizational effectiveness, this role collaborates with leadership to identify learning needs and align initiatives with strategic goals. Responsibilities include managing a team of trainers, developing curriculum, and utilizing performance data to assess program impact. Strong project management abilities, excellent communication, and a deep understanding of instructional design are essential. Successful candidates possess experience with learning technologies and a proven ability to foster employee engagement and professional growth. The role demands the ability to balance organizational objectives with fostering a culture of continuous learning."
,,,
Technical Program Manager,Program Management,M6,"This role oversees the planning and execution of technical training programs, ensuring alignment with organizational goals and technology initiatives. Responsibilities include analyzing skill gaps, designing curriculum, and coordinating cross-functional teams to deliver impactful learning experiences. The position requires strong project management abilities, technical expertise, and excellent communication skills to facilitate collaboration between engineers, trainers, and stakeholders. They evaluate training outcomes and adapt programs to emerging technologies and business needs. A successful candidate demonstrates leadership in fostering a culture of continuous learning and professional growth within the organization."
Digital Marketing Manager,Digital Marketing,M4,"Responsible for developing and executing comprehensive online marketing strategies to increase brand awareness, drive customer engagement, and achieve organizational objectives. Oversees the creation and optimization of digital campaigns across various platforms such as social media, email, and search engines. Analyzes marketing data to measure campaign effectiveness and provides actionable insights for continuous improvement. Collaborates with creative, sales, and technical teams to ensure consistent brand messaging and seamless project delivery. Requires strong analytical abilities, expertise in digital marketing tools, excellent communication skills, and proven leadership experience."
,,,
Chief of Staff,C-Suite & Chief Officers,E5,"Serving as a strategic advisor and key partner to top executives, this role coordinates cross-departmental initiatives and manages high-priority projects to ensure organizational goals are met. Responsibilities include streamlining communication between leadership and stakeholders, facilitating decision-making processes, and overseeing the implementation of executive directives. Strong leadership, analytical thinking, and project management skills are essential, along with the ability to handle sensitive information with discretion. This position requires expert problem-solving and organizational abilities to anticipate needs and proactively support executive priorities. Deep understanding of organizational structure and business strategy is crucial for success."
,,,
,,,
Controller,Accounting,P2,"Responsible for overseeing all financial reporting, budgeting, and accounting operations within an organization. This role ensures compliance with regulatory standards and implements strong internal controls to safeguard assets. Key duties include managing month-end and year-end closing processes, supervising accounting staff, and providing strategic financial guidance to senior management. Strong analytical skills, attention to detail, and proficiency with financial software are essential. Effective communication and leadership abilities are required to drive financial performance and support organizational objectives."
,,,
Sales Operations Analyst,Sales Operations,P2-4,"This position specializes in optimizing sales processes through data-driven analysis and strategic recommendations. Responsibilities include gathering and interpreting sales data, identifying trends, and generating actionable insights to enhance efficiency and effectiveness within the sales organization. Strong analytical skills, proficiency in data visualization tools, and experience with CRM systems are required to support forecasting, pipeline management, and performance measurement initiatives. Collaboration with cross-functional teams is essential to ensure alignment of sales strategies with business objectives. The role requires excellent problem-solving abilities and the capacity to communicate complex findings to stakeholders at all organizational levels."
Product Marketing Manager,Product Marketing,M3-4,"Responsible for developing and executing go-to-market strategies for products and services, this role collaborates cross-functionally with sales, product, and creative teams to ensure consistent messaging and market alignment. Analyzes customer insights, market trends, and competitive intelligence to inform positioning and campaign tactics. Oversees the creation of sales enablement tools, marketing collateral, and digital content to drive product adoption and demand generation. Requires excellent communication, analytical, and project management skills, along with deep understanding of both market research and product lifecycle management. Manages budgets, timelines, and performance metrics to achieve business objectives and maximize market impact."
Business Intelligence Engineer,Data Science & Analytics,P6,"This role is responsible for designing and implementing data-driven solutions to support business operations and strategic decision-making. Key responsibilities include gathering requirements, developing analytical models, and building dashboards and reports to visualize complex data trends. Proficiency in SQL, data warehousing, and business intelligence tools such as Power BI or Tableau is essential. Strong problem-solving skills and the ability to communicate insights to both technical and non-technical stakeholders are required. The position also involves collaborating across departments to identify opportunities for process improvement and operational efficiency."
,,,
,,,
,,,
IT Support Manager,Technical Support,M3,"This role oversees and coordinates daily operations of the IT support team, ensuring timely resolution of technical issues and high-quality service delivery. Responsibilities include managing staff performance, setting workflow priorities, and developing support procedures to improve efficiency. The position requires strong leadership skills, a solid understanding of IT systems and troubleshooting, and experience in resource planning and budgeting. Effective communication and problem-solving abilities are essential for interfacing with both technical teams and organizational leadership. The manager is also accountable for monitoring service metrics, reporting progress to upper management, and driving continuous improvement initiatives."
,,,
,,,
,,,
,,,
Digital Marketing Manager,Digital Marketing,M3-4,"Responsible for developing and executing comprehensive online marketing strategies to increase brand awareness, drive customer engagement, and achieve organizational objectives. Oversees the creation and optimization of digital campaigns across various platforms such as social media, email, and search engines. Analyzes marketing data to measure campaign effectiveness and provides actionable insights for continuous improvement. Collaborates with creative, sales, and technical teams to ensure consistent brand messaging and seamless project delivery. Requires strong analytical abilities, expertise in digital marketing tools, excellent communication skills, and proven leadership experience."
,,,
,,,
Chief Software Architect,C-Suite & Chief Officers,E5,"Guiding the technological vision of an organization, this executive shapes software architecture strategies to align with business goals and drive innovation. They oversee the design and development of robust, scalable systems, collaborating with senior leaders, engineering teams, and stakeholders. Key responsibilities include setting technical standards, evaluating emerging technologies, and ensuring solutions meet security and compliance requirements. Excellent leadership, strategic planning, and communication skills are critical for success in this role. A deep understanding of software engineering, cloud infrastructure, and modern development practices is essential to deliver impactful results at the organizational level."
,,,
,,,
Sales Development Manager,Field Sales,M3-4,"This role leads and mentors a team focused on generating new business opportunities and qualifying sales leads. Key responsibilities include setting sales targets, monitoring performance metrics, and refining lead generation strategies. Strong communication, leadership, and analytical skills are essential for guiding team growth and achieving revenue objectives. The position requires close collaboration with marketing and senior sales teams to align tactics and manage the sales pipeline. Proven experience in sales development or business development is necessary to succeed in this management capacity."
,,,
Partnerships Manager,Channel Sales,M4,"This role is responsible for building and nurturing strategic relationships with external organizations to enhance the company’s brand visibility and drive mutual growth. Key duties include identifying partnership opportunities, negotiating collaboration agreements, and coordinating joint initiatives that align with organizational goals. Strong interpersonal and communication skills are essential for effectively managing stakeholder relationships and representing the company at industry events. The position also requires the ability to analyze partnership performance metrics and present recommendations to leadership. Experience in public relations, business development, and project management is crucial for success in this dynamic environment."
Marketing Manager,Brand Marketing,M4,"Responsible for developing and executing strategic marketing plans to drive brand awareness, customer engagement, and revenue growth. Oversees market research, analyzes trends, and identifies opportunities for promotional campaigns. Manages and mentors a team, coordinates with cross-functional departments, and allocates budgets effectively. Strong leadership, communication, analytical, and project management skills are essential. Ensures all marketing activities align with organizational objectives and comply with industry standards."
Cloud Architect,Software Engineering,P5,"This role is responsible for designing, implementing, and managing secure, scalable cloud infrastructure solutions for organizations. The position involves overseeing deployment, configuration, and ongoing administration of cloud-based networks, ensuring optimal system performance and availability. Candidates must possess expertise in cloud platforms such as AWS, Azure, or Google Cloud, as well as strong skills in network security, automation, and troubleshooting. Additional responsibilities include monitoring system health, optimizing resource usage, and ensuring compliance with security policies and standards. Successful professionals in this field excel at problem-solving, communication, and collaborating with cross-functional IT teams."
People Operations Generalist,HR Operations,P3,"Responsible for overseeing daily HR functions, this professional manages employee relations, benefits administration, and onboarding processes to support organizational goals. They ensure compliance with labor laws while developing and implementing HR policies and procedures. Skilled in conflict resolution, they foster a positive work environment and address staff concerns promptly. Utilizing strong communication and organizational abilities, they maintain accurate records and support performance management initiatives. Proficiency with HR information systems and a solid understanding of workforce planning are essential for success in this role."
Editor,Writing & Editing,P4,"Overseeing the content quality, this professional reviews, proofreads, and revises written materials for publication to ensure accuracy, clarity, and consistency. Responsibilities include collaborating with writers to improve grammar, structure, and style while adhering to editorial standards and publication guidelines. Strong attention to detail, excellent command of language, and the ability to work under tight deadlines are required. This role often involves fact-checking, selecting relevant materials, and making final decisions on what is published. Proficiency with editing tools and content management systems is essential to manage workflow efficiently."
,,,
AI Engineer,AI Engineering,P6,"This role focuses on designing, developing, and deploying artificial intelligence and machine learning solutions to address complex business challenges. Responsibilities include preprocessing and analyzing large datasets, building predictive models, and optimizing algorithms for performance and scalability. Proficiency in programming languages such as Python or R, knowledge of machine learning frameworks, and familiarity with cloud platforms are essential. Strong analytical, problem-solving, and data engineering skills are required to translate business requirements into effective AI solutions. Collaboration with cross-functional teams ensures successful integration of AI technologies into existing systems."
,,,
,,,
Email Marketing Manager,Digital Marketing,M3-4,"Responsible for developing and executing targeted email marketing campaigns that drive customer engagement and revenue growth. Oversees audience segmentation, content creation, A/B testing, and campaign performance analysis to ensure optimal results. Collaborates with creative, sales, and product teams to align messaging and strategy with overall business objectives. Requires strong project management, analytical, and copywriting skills, along with expertise in email automation platforms and data-driven decision making. Stays current with industry trends and compliance standards to continuously refine best practices."
,,,
Program Management Director,Program Management,E5,"Overseeing the coordination and execution of multiple projects, this leader ensures organizational goals are met efficiently and within budget. Responsibilities include aligning program objectives with strategic initiatives, managing cross-functional teams, and optimizing resource allocation. The role requires strong analytical and leadership abilities to identify process improvements and mitigate risks. Excellent communication and stakeholder management skills are essential for reporting progress and driving organizational change. Proficiency in project management methodologies and a proven track record of delivering complex initiatives are critical for success."
Product Design Director,UX/UI Design,M4,"Overseeing the entire design process, this leader shapes product vision and ensures alignment with business objectives. Responsibilities include managing design teams, setting strategic direction, and collaborating across departments to deliver innovative solutions. Strong project management, communication, and leadership skills are essential for prioritizing initiatives and allocating resources efficiently. The role involves establishing design standards, mentoring team members, and driving cross-functional decision making. Experience in user-centered design and a keen understanding of market trends are important for achieving organizational goals."
,,,
Talent Acquisition Manager,Talent Acquisition,M3,"Responsible for overseeing the full recruitment cycle, this professional develops sourcing strategies, screens candidates, and leads interviews to attract top talent. They collaborate with department heads to identify staffing needs and create effective job postings. Utilizing strong interpersonal and negotiation skills, they manage candidate relationships and support hiring decisions. Staying informed about labor market trends and applicable employment laws is essential. Success in this role requires excellent organizational abilities, attention to detail, and proficiency with applicant tracking systems and recruitment platforms."
Communications Specialist,Public Relations,P2-5,"This role is responsible for developing and delivering effective internal and external messaging to enhance an organization’s public image. Duties include drafting press releases, coordinating media inquiries, and supporting crisis communications. Strong written and verbal communication skills are required, along with the ability to tailor messages for different stakeholders. The position entails building relationships with media representatives and monitoring public perception. Proficiency in digital communication platforms and attention to detail are essential for success in this field."
,,,
Sales Enablement Director,Field Sales,M4,"This role is responsible for designing and executing strategies that empower sales teams to achieve revenue targets and increase productivity. Key duties include overseeing onboarding programs, implementing training initiatives, and managing the adoption of sales tools and processes. The position requires strong leadership skills, experience in data-driven decision-making, and the ability to collaborate cross-functionally with marketing and product teams. Developing performance metrics and providing actionable insights to drive sales effectiveness are central to success in this role. Strong communication, project management, and analytical skills are essential, aligning with the SOC classification of overseeing daily sales activities and supporting organizational goals."
Information Technology Director,Infrastructure & IT,M5,"Overseeing the strategic planning, implementation, and management of an organization’s technology infrastructure, this role ensures systems are secure, efficient, and aligned with business goals. Responsibilities include leading IT teams, managing budgets, and establishing policies for data security and network administration. The position requires strong leadership, project management abilities, and comprehensive knowledge of current and emerging technologies. Coordinating with other departments and executive leadership, the person in this role drives innovation through technology solutions. Analytical thinking, problem-solving, and excellent communication skills are essential to excel in this managerial position."
,,,
,,,
Data Engineering Director,Data Science & Analytics,E5,"This leadership role oversees the strategic planning and execution of data engineering initiatives, ensuring alignment with organizational goals and objectives. Responsibilities include managing teams, setting data architecture standards, and optimizing data pipelines for efficiency and reliability. The position requires strong project management skills, advanced knowledge of data processing technologies, and the ability to collaborate across departments. Excellent communication and decision-making abilities are essential to allocate resources and implement best practices. Success in this role depends on effectively driving data-driven strategies to support overall business operations."
Marketing Communications Manager,Brand Marketing,M2-4,"This role oversees the development and execution of strategic messaging to promote brand awareness and support organizational goals. Responsibilities include managing multi-channel marketing campaigns, coordinating internal and external communications, and ensuring message consistency across all platforms. Strong project management and leadership skills are essential for collaborating with creative teams and aligning communication efforts with broader marketing strategies. Proficiency in digital marketing tools, content creation, and analytics is required to measure campaign effectiveness and audience engagement. The position aligns with the SOC category by focusing on planning and directing marketing policies, programs, and communication activities."
,,,
,,,
Curriculum Specialist,Instruction & Teaching,P4,"This role designs, evaluates, and revises educational and training materials to support effective learning outcomes within organizations. Responsibilities include collaborating with subject matter experts, conducting needs assessments, and aligning curricula with organizational objectives. Key tasks involve developing instructional resources, integrating technology into learning experiences, and ensuring compliance with industry standards. Strong skills in curriculum design, instructional methodologies, and data analysis are essential. Success in this position requires excellent communication, attention to detail, and the ability to adapt content for diverse audiences."
,,,
,,,
Site Operations Manager,Operations Leadership,M3,"This role oversees daily operational activities at a specific location, ensuring efficiency and compliance with company policies. Responsibilities include managing staff schedules, monitoring site performance metrics, and implementing process improvements to achieve organizational goals. The position requires strong leadership, problem-solving abilities, and effective communication skills to coordinate across multiple departments. Additionally, the manager will handle budget management, resource allocation, and address operational issues as they arise. Prior experience in operations management and a solid understanding of workplace safety standards are essential for success in this position."
Social Media Manager,Brand Marketing,M4,"This professional oversees online community engagement and digital outreach initiatives to support organizational goals. They develop, implement, and monitor social media strategies, ensuring alignment with broader community programs and campaigns. Key responsibilities include content creation, analytics reporting, and managing relationships with partners, influencers, and stakeholders. Strong communication, leadership, and project management skills are essential, as well as a deep understanding of emerging social media trends and platforms. The role requires adaptability and a passion for fostering positive online interactions that enhance community well-being and support service objectives."
Chief Customer Officer,C-Suite & Chief Officers,E5,"As a senior leader overseeing customer strategy, this role directs initiatives to enhance client satisfaction and loyalty across the organization. They collaborate with executive teams to shape policies that align customer experience with business objectives. Responsibilities include developing and implementing comprehensive customer engagement programs, overseeing feedback analysis, and driving cross-functional teams to address service issues. Strong leadership, communication, and analytical skills are essential, along with experience in customer relations and strategic planning. The position ensures a customer-centric culture is embedded at all levels, ultimately contributing to business growth and brand reputation."
Sales Development Representative,Field Sales,S4,"This role is responsible for identifying and qualifying potential clients to generate new business opportunities. Key duties include conducting outbound prospecting via calls and emails, managing and updating customer relationship management (CRM) systems, and scheduling meetings between prospects and account executives. Strong communication and interpersonal skills are essential for effectively engaging leads and understanding client needs. The ability to work independently, meet targets, and manage time efficiently is required. Familiarity with sales processes and digital outreach tools is highly valued in this service-focused position."
Solutions Engineering Manager,Sales Engineering,M3,"Overseeing a team of solutions engineers, this role guides the design and implementation of technical solutions to address client needs. Responsibilities include developing project plans, allocating resources, and ensuring collaboration between engineering and sales teams. Strong leadership, technical expertise, and project management skills are essential for success. This position requires the ability to analyze complex problems, communicate effectively with stakeholders, and drive continuous improvement. The role also ensures that all solutions adhere to industry standards and best practices as outlined within engineering management frameworks."
,,,
,,,
,,,
,,,
Systems Administrator,Infrastructure & IT,P4,"This role is responsible for installing, configuring, and maintaining an organization’s servers, networks, and related computer systems. Key duties include monitoring system performance, troubleshooting issues, and ensuring security protocols are implemented and maintained. The position requires proficiency with operating systems, virtualization, and network infrastructure, as well as strong problem-solving abilities. Additional tasks include creating backup and disaster recovery plans and providing technical support to staff. Excellent communication and documentation skills are essential for collaborating with IT teams and end-users."
,,,
,,,
,,,
UX Designer,UX/UI Design,P4,"Responsible for crafting intuitive, visually appealing digital interfaces that enhance user satisfaction and accessibility. Collaborates closely with cross-functional teams to understand user needs and business objectives, transforming requirements into effective wireframes, prototypes, and high-fidelity designs. Utilizes expertise in user research, interaction design, and usability testing to iteratively improve digital products. Proficiency with design tools such as Figma, Sketch, or Adobe XD is essential. Strong problem-solving skills and attention to detail are required to ensure seamless and engaging user experiences across various platforms."
,,,
,,,
,,,
,,,
Implementation Manager,Customer Onboarding,M4,"This role oversees the successful deployment of new products, services, or systems within an organization, ensuring projects are completed on time and within budget. Responsibilities include coordinating cross-functional teams, managing client relationships, and troubleshooting implementation issues as they arise. Strong leadership, project management, and communication skills are essential for effective coordination and guidance of personnel. The position requires analytical thinking to assess processes, identify improvements, and streamline operations. Previous experience in team management and a solid understanding of organizational procedures are advantageous."
Partner Account Manager,Account Management,P3-4,"This role focuses on building and nurturing strong relationships with strategic business partners to drive service sales growth and achieve revenue targets. Responsibilities include identifying new partnership opportunities, negotiating agreements, and supporting partners throughout the sales cycle. Success in this position requires excellent communication, negotiation, and relationship-management skills, as well as the ability to understand and promote a range of services. The position requires analyzing market trends to identify and pursue potential partner channels for expanding business reach. Proficiency in CRM software and a collaborative approach are essential to effectively coordinate with internal teams and deliver outstanding partner experiences."
,,,
Talent Acquisition Director,Talent Acquisition,M4,"Overseeing the full recruitment lifecycle, this professional develops and implements strategies to attract and retain top talent for the organization. Responsibilities include leading a team of recruiters, collaborating with department heads to forecast hiring needs, and ensuring an excellent candidate experience throughout the process. Strong analytical skills and expertise in talent sourcing, employer branding, and employment law are essential. This role manages recruitment budgets, optimizes recruitment technologies, and ensures compliance with all relevant regulations. Successful candidates demonstrate leadership, communication, and negotiation skills, contributing to the organization's overall workforce planning and development initiatives."
,,,
Business Systems Manager,Engineering Leadership,M3-4,"Overseeing the planning, development, and maintenance of business-critical information systems, this role ensures alignment between technology solutions and organizational objectives. The position involves evaluating current processes, implementing system upgrades, and coordinating with stakeholders across departments to optimize workflows. Strong leadership, project management, and analytical skills are essential for driving effective change and achieving operational efficiencies. Responsibilities also include managing system security, budgets, and vendor relationships. Proven experience in IT management and a deep understanding of business processes and enterprise software are required."
,,,
,,,
Partner Marketing Manager,Brand Marketing,M4,"This role leads the development and execution of joint marketing initiatives with strategic business partners to drive mutual growth and brand visibility. Responsibilities include building strong partner relationships, coordinating co-branded campaigns, and aligning marketing strategies to meet shared objectives. The position requires strong project management, negotiation, and communication skills, along with experience in digital marketing and analytics. The individual will monitor campaign performance, optimize partner programs, and ensure consistent messaging across all channels. Successful candidates possess a strategic mindset, ability to multitask, and a deep understanding of collaborative marketing in dynamic environments."
,,,
,,,
,,,
,,,
Subcontractor,Construction Labor,P3,"Responsible for performing a variety of physical tasks on construction sites, including loading and unloading materials, preparing and cleaning work areas, and assisting skilled tradespeople as needed. Works under the direction of supervisors or general contractors to ensure timely and accurate completion of assigned duties. Must be able to operate hand and power tools safely and follow all safety protocols on site. Requires physical stamina, attention to detail, and the ability to adapt to changing project requirements. Strong communication skills and reliability are essential for effective teamwork and successful project execution."
Sales Development Representative,Field Sales,S3,"This role is responsible for identifying and qualifying potential clients to generate new business opportunities. Key duties include conducting outbound prospecting via calls and emails, managing and updating customer relationship management (CRM) systems, and scheduling meetings between prospects and account executives. Strong communication and interpersonal skills are essential for effectively engaging leads and understanding client needs. The ability to work independently, meet targets, and manage time efficiently is required. Familiarity with sales processes and digital outreach tools is highly valued in this service-focused position."
Software Engineer,Software Engineering,P1,"Designs, develops, and tests software applications and systems to meet user needs and performance requirements. Collaborates with cross-functional teams to translate functional specifications into technical solutions. Writes clean, efficient code while following best practices in software development and version control. Troubleshoots, debugs, and maintains existing programs, ensuring reliability and scalability. Requires proficiency in programming languages, analytical problem-solving abilities, and familiarity with development frameworks and methodologies."
,,,
Sales Manager,Field Sales,M2-4,"Responsible for leading and motivating a team to achieve revenue targets through effective sales strategies and team management. Oversees the recruitment, training, and performance evaluations of sales staff, ensuring high standards and continuous professional development. Develops and implements sales plans based on market research and analysis to capture new business opportunities and maintain customer relationships. Collaborates closely with marketing and customer service departments to align sales goals with overall company objectives. Strong communication, leadership, analytical, and negotiation skills are essential, along with a proven ability to interpret sales metrics and drive team success."
,,,
Talent Acquisition Partner,Talent Acquisition,P3-4,"As a key contributor to organizational growth, this professional manages the full recruitment lifecycle, from sourcing and interviewing candidates to negotiating offers. They develop and implement strategies to attract top talent while ensuring a positive candidate experience. Leveraging strong communication and interpersonal skills, they collaborate closely with hiring managers to understand workforce needs. Expertise in market research and modern recruitment technologies is essential to identify and engage qualified prospects. This role requires knowledge of employment laws and best practices to ensure compliance throughout the hiring process."
,,,
Quality Assurance Analyst,Quality Assurance,P2,"This professional is responsible for designing and executing test procedures to ensure software products meet established quality standards. They identify, document, and track defects, collaborating closely with development teams to facilitate timely resolution. Strong analytical and problem-solving skills are essential, along with proficiency in test automation tools and scripting. Excellent communication is required for clear documentation and status reporting. Familiarity with software development methodologies and attention to detail are critical for success in this role."
Quality Assurance Analyst,Quality Assurance,P2-4,"This professional is responsible for designing and executing test procedures to ensure software products meet established quality standards. They identify, document, and track defects, collaborating closely with development teams to facilitate timely resolution. Strong analytical and problem-solving skills are essential, along with proficiency in test automation tools and scripting. Excellent communication is required for clear documentation and status reporting. Familiarity with software development methodologies and attention to detail are critical for success in this role."
Payroll Specialist,Payroll,P2-4,"This role is responsible for accurately processing employee time records and ensuring timely payroll distribution. Duties include maintaining payroll data, verifying hours worked, and calculating wages and deductions in compliance with company policies and legal regulations. Strong attention to detail, proficiency in payroll software, and familiarity with accounting principles are essential. Effective communication skills are important for addressing employee inquiries and coordinating with other departments. The position also involves preparing reports, maintaining confidentiality, and resolving discrepancies proactively."
System Designer,Software Engineering,P1-6,"Responsible for creating visually engaging and user-friendly digital interfaces, this role involves translating user needs and business requirements into interactive website and application layouts. The individual collaborates closely with developers and stakeholders to ensure cohesive design elements, effective navigation, and a seamless user experience. Key responsibilities include wireframing, prototyping, and optimizing web and mobile platforms for usability and accessibility. Proficiency in design tools such as Figma, Adobe XD, and an understanding of HTML/CSS are essential. Strong problem-solving abilities, attention to detail, and excellent communication skills are required to deliver high-quality digital products."
,,,
,,,
Email Marketing Manager,Digital Marketing,M3-4,"Responsible for developing and executing targeted email marketing campaigns that drive customer engagement and revenue growth. Oversees audience segmentation, content creation, A/B testing, and campaign performance analysis to ensure optimal results. Collaborates with creative, sales, and product teams to align messaging and strategy with overall business objectives. Requires strong project management, analytical, and copywriting skills, along with expertise in email automation platforms and data-driven decision making. Stays current with industry trends and compliance standards to continuously refine best practices."
Project Manager,Project Management,M2-6,"This role is responsible for planning, executing, and closing projects within designated timelines and budgets. Duties include defining project scope, setting objectives, coordinating cross-functional teams, and managing resources. The position requires strong organizational, communication, and leadership skills to effectively guide team members and ensure stakeholder satisfaction. Additional responsibilities involve risk management, progress monitoring, and providing regular updates to senior management. Proficiency in project management tools and methodologies is essential for successful project delivery."
,,,
Talent Acquisition Specialist,Talent Acquisition,P2-4,"Responsible for sourcing, screening, and interviewing candidates to fill company vacancies, this role ensures that hiring needs are met efficiently and effectively. Duties include collaborating with hiring managers to define position requirements, developing recruitment strategies, and utilizing various channels to attract top talent. Strong organizational and communication skills are essential for managing multiple open requisitions and maintaining positive candidate experiences. Proficiency in applicant tracking systems, as well as knowledge of employment laws and best practices, is required. This position supports organizational growth by aligning recruitment efforts with workforce planning and business objectives."
,,,
Sales Enablement Specialist,Field Sales,P3,"This role focuses on equipping sales teams with the tools, content, and training needed to drive performance and achieve revenue goals. Responsibilities include developing onboarding programs, creating sales collateral, and analyzing processes to identify opportunities for increased efficiency. Strong communication, project management, and data analysis abilities are essential for success in this position. Collaboration with marketing, product, and sales leadership is key to ensuring alignment and message consistency. The ideal candidate thrives in fast-paced environments and brings a strategic mindset to solving sales-related challenges."
,,,
Instructional Designer,Training & Development,P1-4,"Responsible for creating engaging and effective educational materials and learning experiences for a variety of audiences. Works closely with subject matter experts to develop curricula, assessments, and multimedia resources aligned with instructional goals and standards. Utilizes instructional design models, learning theories, and technology tools to enhance student comprehension and retention. Collaborates with educators to analyze learning needs, revise content, and ensure accessibility and inclusivity in instructional materials. Requires strong communication, project management, and technology integration skills."
Controller,Accounting,P2-6,"Responsible for overseeing all financial reporting, budgeting, and accounting operations within an organization. This role ensures compliance with regulatory standards and implements strong internal controls to safeguard assets. Key duties include managing month-end and year-end closing processes, supervising accounting staff, and providing strategic financial guidance to senior management. Strong analytical skills, attention to detail, and proficiency with financial software are essential. Effective communication and leadership abilities are required to drive financial performance and support organizational objectives."
Systems Engineering Manager,Software Engineering,M4,"Responsible for overseeing the design, implementation, and maintenance of complex IT systems, this role leads technical teams to ensure system integration, reliability, and security. Duties include coordinating project timelines, allocating resources, and managing budgets to meet organizational objectives. The position demands strong leadership, advanced problem-solving, and excellent communication skills to collaborate with stakeholders and guide engineering staff. Proficiency in systems architecture, network infrastructure, and project management methodologies is essential. Ensuring compliance with industry standards and fostering continuous improvement are key aspects of success in this position."
,,,
Content Marketing Manager,Content Strategy,M4,"This role leads the planning and execution of content-driven marketing strategies to increase brand awareness and engage target audiences. Responsibilities include overseeing the creation and distribution of compelling digital content across multiple platforms, as well as analyzing campaign performance to optimize results. Successful candidates must demonstrate strong leadership, project management, and creative storytelling abilities. Skills in SEO, copywriting, and digital analytics are also essential for driving measurable growth. Collaboration with cross-functional teams is required to ensure alignment with broader marketing and organizational goals."
Software Developer,Software Engineering,P1-6,"Responsible for designing, developing, and maintaining both front-end and back-end components of web applications, this role ensures seamless functionality across platforms. Collaborates closely with UI/UX designers, project managers, and other developers to deliver responsive, scalable solutions. Utilizes programming languages such as JavaScript, HTML, CSS, and server-side technologies like Node.js or Python to implement robust features. Strong problem-solving and debugging abilities, coupled with proficiency in database management, are essential. Stays current with emerging web technologies and industry best practices to optimize application performance and user experience."
Intern,Nursing,S3,"This role supports classroom instruction, curriculum development, and academic research within higher education environments. Responsibilities include assisting faculty with lesson preparation, grading assignments, and facilitating student learning activities. The position requires strong communication, organization, and analytical skills, as well as the ability to collaborate effectively in an academic setting. Candidates should demonstrate adaptability and a willingness to learn new teaching methodologies. Prior experience in a postsecondary academic environment and familiarity with relevant subject matter is preferred."
Data Engineer,Data Science & Analytics,P2,"This role is responsible for designing, constructing, and maintaining scalable data architectures that support advanced analytics and business intelligence solutions. Core responsibilities include developing robust data pipelines, optimizing data flow, and ensuring the integrity and quality of extracted and transformed data sets. Proficiency with programming languages such as Python or Scala, as well as experience with SQL, distributed computing, and data modeling, is essential. This position requires collaboration with data analysts, scientists, and other stakeholders to deliver accessible and reliable data for analytical projects. Strong problem-solving skills and a solid grasp of database systems and cloud platforms are crucial for success in this occupation."
Accounting Specialist,Accounting,P2-4,"This role is responsible for processing financial transactions, maintaining accurate records, and reconciling accounts to ensure compliance with organizational standards and regulations. Daily duties include preparing invoices, verifying and posting payments, and assisting with month-end closing processes. Candidates must possess strong attention to detail and proficiency in accounting software such as QuickBooks or Excel. The ability to analyze financial data, identify discrepancies, and communicate effectively with team members is essential. Strong organizational skills and a working knowledge of general accounting principles are required for success in this position."
,,,
Art Director,Graphic Design,M5,"Overseeing the visual aspects of creative projects from concept through completion, this role involves developing design layouts and guiding the artistic vision for advertising, publications, and media productions. Responsibilities include collaborating with clients and creative teams to establish project goals and ensure consistent branding. Strong leadership and communication skills are essential for managing artists, designers, and photographers. Proficiency in design software and a solid understanding of visual storytelling principles are required. Candidates should be adept at balancing creativity with project deadlines and budget constraints."
,,,
,,,
Video Director,Film & Video Production,P5,"Leads the creative and technical aspects of video productions from concept through final delivery. Oversees all stages of the project, including script development, casting, scheduling, and directing on-set activities to ensure a compelling visual narrative. Collaborates closely with cinematographers, editors, and production crews to maintain artistic vision and production quality. Requires strong leadership, communication, and problem-solving skills, as well as a deep understanding of technical filming processes. Ensures projects are completed on time and within budget while meeting creative objectives."
Business Operations Specialist,Business Administration,P2-4,"This role is responsible for streamlining and managing daily business activities to support organizational efficiency and productivity. Duties include analyzing workflow processes, developing and implementing operational policies, and coordinating cross-functional projects. Required skills encompass strong analytical thinking, problem-solving abilities, and excellent communication to liaise across multiple departments. The position also involves monitoring key performance indicators and preparing detailed reports for management review. A high level of adaptability and proficiency in business software applications is essential to ensure continuous improvement and compliance with company objectives."
Intern,Nursing,S3,"This role supports classroom instruction, curriculum development, and academic research within higher education environments. Responsibilities include assisting faculty with lesson preparation, grading assignments, and facilitating student learning activities. The position requires strong communication, organization, and analytical skills, as well as the ability to collaborate effectively in an academic setting. Candidates should demonstrate adaptability and a willingness to learn new teaching methodologies. Prior experience in a postsecondary academic environment and familiarity with relevant subject matter is preferred."
AI Engineer,AI Engineering,P4,"This role focuses on designing, developing, and deploying artificial intelligence and machine learning solutions to address complex business challenges. Responsibilities include preprocessing and analyzing large datasets, building predictive models, and optimizing algorithms for performance and scalability. Proficiency in programming languages such as Python or R, knowledge of machine learning frameworks, and familiarity with cloud platforms are essential. Strong analytical, problem-solving, and data engineering skills are required to translate business requirements into effective AI solutions. Collaboration with cross-functional teams ensures successful integration of AI technologies into existing systems."
Business Operations Manager,Operations Leadership,M2-4,"This role oversees the daily functions and long-term strategic planning of an organization’s business processes. Key responsibilities include streamlining workflows, implementing operational policies, and optimizing resource allocation to achieve organizational goals. Strong analytical and problem-solving skills are essential for evaluating performance metrics and recommending process improvements. The position requires effective communication and leadership to coordinate cross-departmental initiatives and manage teams. Proficiency with project management tools and a deep understanding of core business operations are critical for success."
,,,
Intern,Nursing,S3,"This role supports classroom instruction, curriculum development, and academic research within higher education environments. Responsibilities include assisting faculty with lesson preparation, grading assignments, and facilitating student learning activities. The position requires strong communication, organization, and analytical skills, as well as the ability to collaborate effectively in an academic setting. Candidates should demonstrate adaptability and a willingness to learn new teaching methodologies. Prior experience in a postsecondary academic environment and familiarity with relevant subject matter is preferred."
Business Operations Manager,Operations Leadership,M2,"This role oversees the daily functions and long-term strategic planning of an organization’s business processes. Key responsibilities include streamlining workflows, implementing operational policies, and optimizing resource allocation to achieve organizational goals. Strong analytical and problem-solving skills are essential for evaluating performance metrics and recommending process improvements. The position requires effective communication and leadership to coordinate cross-departmental initiatives and manage teams. Proficiency with project management tools and a deep understanding of core business operations are critical for success."
,,,
Editor,Writing & Editing,P1-5,"Overseeing the content quality, this professional reviews, proofreads, and revises written materials for publication to ensure accuracy, clarity, and consistency. Responsibilities include collaborating with writers to improve grammar, structure, and style while adhering to editorial standards and publication guidelines. Strong attention to detail, excellent command of language, and the ability to work under tight deadlines are required. This role often involves fact-checking, selecting relevant materials, and making final decisions on what is published. Proficiency with editing tools and content management systems is essential to manage workflow efficiently."
Marketing Operations Director,Brand Marketing,M4,"Overseeing the development and execution of marketing processes, this leader ensures projects align with organizational goals and maximize efficiency. Responsibilities include managing campaign budgets, analyzing marketing performance metrics, and optimizing workflows across teams. The role calls for strategic thinking, strong project management skills, and a deep understanding of marketing technologies and automation. Collaboration with cross-functional partners is essential to streamline initiatives and drive growth. Proven experience in team leadership, data-driven decision making, and adapting to dynamic market trends is required for success."
,,,
Product Marketing Manager,Product Marketing,M3-4,"Responsible for developing and executing go-to-market strategies for products and services, this role collaborates cross-functionally with sales, product, and creative teams to ensure consistent messaging and market alignment. Analyzes customer insights, market trends, and competitive intelligence to inform positioning and campaign tactics. Oversees the creation of sales enablement tools, marketing collateral, and digital content to drive product adoption and demand generation. Requires excellent communication, analytical, and project management skills, along with deep understanding of both market research and product lifecycle management. Manages budgets, timelines, and performance metrics to achieve business objectives and maximize market impact."
People Operations Generalist,HR Operations,P3-4,"Responsible for overseeing daily HR functions, this professional manages employee relations, benefits administration, and onboarding processes to support organizational goals. They ensure compliance with labor laws while developing and implementing HR policies and procedures. Skilled in conflict resolution, they foster a positive work environment and address staff concerns promptly. Utilizing strong communication and organizational abilities, they maintain accurate records and support performance management initiatives. Proficiency with HR information systems and a solid understanding of workforce planning are essential for success in this role."
Billing Specialist,Accounting,P2-4,"Responsible for preparing and submitting invoices to clients, this role ensures accurate posting of payments and maintains up-to-date billing records. Duties include reviewing account information for discrepancies, reconciling billing reports, and resolving customer inquiries related to payments. Strong attention to detail, familiarity with accounting and office software, and proficiency in data entry are required skills for success. Collaboration with internal teams to verify financial data and adherence to organizational policies is essential. The position also involves maintaining confidentiality of sensitive financial data in compliance with company and regulatory standards."
,,,
Security Engineer,Cybersecurity,P4,"This role focuses on designing, implementing, and maintaining robust security measures to protect an organization’s computer systems and networks. Responsibilities include monitoring for security breaches, investigating incidents, and developing response protocols to minimize risks. The position requires strong analytical skills, proficiency in threat detection tools, and a solid understanding of firewalls, encryption, and intrusion detection systems. Collaboration with IT and other departments ensures comprehensive security strategies are enforced and updated as threats evolve. Excellent communication and problem-solving abilities are essential for reporting findings and recommending improvements to strengthen information security posture."
,,,
Systems Administrator,Infrastructure & IT,P2,"This role is responsible for installing, configuring, and maintaining an organization’s servers, networks, and related computer systems. Key duties include monitoring system performance, troubleshooting issues, and ensuring security protocols are implemented and maintained. The position requires proficiency with operating systems, virtualization, and network infrastructure, as well as strong problem-solving abilities. Additional tasks include creating backup and disaster recovery plans and providing technical support to staff. Excellent communication and documentation skills are essential for collaborating with IT teams and end-users."
Brand Manager,Brand Marketing,M4,"In this role, you will develop and execute comprehensive strategies to enhance product visibility and market share. Responsibilities include overseeing market research, managing advertising campaigns, and ensuring brand consistency across various channels. Strong analytical skills and creativity are essential to identify growth opportunities and craft compelling brand messages. Collaboration with cross-functional teams and external partners is vital for successful promotions and partnerships. Proven project management abilities and excellent communication skills are required to drive results and measure campaign effectiveness."
IT Support Specialist,Technical Support,P2-4,"This role is responsible for diagnosing and resolving technical issues related to computer networks, hardware, and software within an organization. Duties include providing frontline technical assistance to users, installing and configuring networked systems, and maintaining network security protocols. The position requires strong problem-solving skills, a solid understanding of networking concepts, and experience supporting various operating systems and applications. Effective communication is essential for explaining complex technical information to non-technical users in a clear, concise manner. Attention to detail and the ability to manage multiple tasks efficiently are critical for success in this position."
Operations Consultant,Business Analysis & Consulting,P3-4,"This role is responsible for analyzing and improving business processes to enhance efficiency and effectiveness across various departments. The position entails evaluating organizational workflows, identifying areas for operational improvement, and developing strategic recommendations. Strong analytical, communication, and project management skills are essential, along with the ability to interpret complex data and implement solutions. Responsibilities include collaborating with cross-functional teams to drive process enhancements and monitor key performance indicators. Success in this role requires adaptability, critical thinking, and a thorough understanding of business operations."
,,,
AI Engineer,AI Engineering,P1-6,"This role focuses on designing, developing, and deploying artificial intelligence and machine learning solutions to address complex business challenges. Responsibilities include preprocessing and analyzing large datasets, building predictive models, and optimizing algorithms for performance and scalability. Proficiency in programming languages such as Python or R, knowledge of machine learning frameworks, and familiarity with cloud platforms are essential. Strong analytical, problem-solving, and data engineering skills are required to translate business requirements into effective AI solutions. Collaboration with cross-functional teams ensures successful integration of AI technologies into existing systems."
,,,
,,,
Curriculum Specialist,Instruction & Teaching,P2,"This role designs, evaluates, and revises educational and training materials to support effective learning outcomes within organizations. Responsibilities include collaborating with subject matter experts, conducting needs assessments, and aligning curricula with organizational objectives. Key tasks involve developing instructional resources, integrating technology into learning experiences, and ensuring compliance with industry standards. Strong skills in curriculum design, instructional methodologies, and data analysis are essential. Success in this position requires excellent communication, attention to detail, and the ability to adapt content for diverse audiences."
,,,
Project Manager,Project Management,M4,"This role is responsible for planning, executing, and closing projects within designated timelines and budgets. Duties include defining project scope, setting objectives, coordinating cross-functional teams, and managing resources. The position requires strong organizational, communication, and leadership skills to effectively guide team members and ensure stakeholder satisfaction. Additional responsibilities involve risk management, progress monitoring, and providing regular updates to senior management. Proficiency in project management tools and methodologies is essential for successful project delivery."
Content Marketing Manager,Content Strategy,M3-4,"This role leads the planning and execution of content-driven marketing strategies to increase brand awareness and engage target audiences. Responsibilities include overseeing the creation and distribution of compelling digital content across multiple platforms, as well as analyzing campaign performance to optimize results. Successful candidates must demonstrate strong leadership, project management, and creative storytelling abilities. Skills in SEO, copywriting, and digital analytics are also essential for driving measurable growth. Collaboration with cross-functional teams is required to ensure alignment with broader marketing and organizational goals."
PAS Coordinator,School Operations & Coordination,S3,"Responsible for developing, implementing, and evaluating instructional programs and support services within an educational setting, this role ensures curriculum compliance with institutional and regulatory standards. Duties include coordinating program activities, training instructional staff, and serving as a liaison between educators, administrators, and external stakeholders. Strong organizational skills and attention to detail are essential for managing schedules and documentation. Effective communication and the ability to analyze educational data to recommend program improvements are crucial. Proficiency in project management and familiarity with educational technologies are preferred to enhance program delivery and outcomes."
,,,
,,,
Quality Assurance Engineer,Quality Assurance,P4,"Responsible for designing and executing test plans to ensure the functionality, reliability, and performance of software applications. Collaborates closely with developers and product teams to identify software defects, document issues, and verify resolutions. Utilizes automated and manual testing techniques, as well as specialized testing tools, to validate code quality and compliance with industry standards. Requires strong analytical skills, attention to detail, and proficiency in scripting or programming languages relevant to software testing. Demonstrates an understanding of the software development lifecycle (SDLC) and quality assurance methodologies within a collaborative team environment."
Social Media Manager,Brand Marketing,M4,"This professional oversees online community engagement and digital outreach initiatives to support organizational goals. They develop, implement, and monitor social media strategies, ensuring alignment with broader community programs and campaigns. Key responsibilities include content creation, analytics reporting, and managing relationships with partners, influencers, and stakeholders. Strong communication, leadership, and project management skills are essential, as well as a deep understanding of emerging social media trends and platforms. The role requires adaptability and a passion for fostering positive online interactions that enhance community well-being and support service objectives."
,,,
Communications Manager,Public Relations,M3-4,"Overseeing the development and execution of internal and external communication strategies, this professional ensures consistent messaging across all platforms. They manage media relations, craft press releases, and coordinate responses to public inquiries, maintaining a positive organizational image. Strong writing, public speaking, and crisis management skills are essential for success in this role. Collaboration with various departments is required to align communications with company goals and brand voice. They also analyze communication outcomes and adjust strategies to optimize reach and effectiveness, in line with public relations best practices."
Information Security Director,Engineering Leadership,E5,"This role oversees the development and implementation of enterprise-wide strategies to protect digital assets and ensure regulatory compliance. Responsibilities include leading incident response efforts, establishing security policies, and managing cross-functional teams to align security initiatives with organizational goals. Strong leadership, analytical, and decision-making skills are essential for assessing risk and driving continuous improvement in security operations. Regular coordination with executive management and IT teams is required to communicate risk posture and report on key security metrics. Proven expertise in information security frameworks, policy development, and team management is necessary for success in this management capacity."
Video Director,Film & Video Production,P5,"Leads the creative and technical aspects of video productions from concept through final delivery. Oversees all stages of the project, including script development, casting, scheduling, and directing on-set activities to ensure a compelling visual narrative. Collaborates closely with cinematographers, editors, and production crews to maintain artistic vision and production quality. Requires strong leadership, communication, and problem-solving skills, as well as a deep understanding of technical filming processes. Ensures projects are completed on time and within budget while meeting creative objectives."
,,,
,,,
,,,
Technical Operations Director,Operations Leadership,M4,"Overseeing the daily technical functions of an organization, this leader ensures seamless integration between technical operations and business objectives. They manage cross-functional teams, allocate resources efficiently, and drive the implementation of technical strategies to optimize productivity. Key responsibilities include overseeing process improvements, managing budgets, and ensuring compliance with industry standards. Strong analytical, leadership, and communication skills are essential, as well as the ability to solve complex technical and operational issues. This role requires strategic vision to guide long-term technical planning and business growth while maintaining operational excellence."
,,,
,,,
Human Resources Director,Employee Relations,M4,"Overseeing the HR department, this role develops and implements policies related to recruitment, employee relations, compensation, and organizational compliance. The position requires strong leadership skills to guide HR teams and ensure alignment with strategic company goals. Responsibilities include budgeting for HR initiatives, facilitating training programs, and ensuring adherence to labor laws and ethical standards. Candidates should possess excellent communication, decision-making, and problem-solving abilities to effectively manage workforce challenges. Experience with HR information systems and thorough knowledge of employment legislation are essential for success in this leadership capacity."
Sales Enablement Manager,Field Sales,M4,"Responsible for developing and implementing strategies to equip sales teams with the tools, content, and training necessary to drive revenue growth. Oversees the creation and optimization of processes related to onboarding, coaching, and ongoing professional development for sales staff. Collaborates closely with marketing, product, and sales leadership to align messaging and ensure world-class customer engagement. Uses analytical skills to assess sales performance data and identify areas for improvement. Requires strong leadership, communication, project management, and organizational skills to effectively support and advance team objectives."
,,,
,,,
Benefits Specialist,Compensation & Benefits,P3-4,"This role is responsible for administering employee benefits programs, including health insurance, retirement plans, and leave policies. Key duties involve evaluating benefit offerings, ensuring regulatory compliance, and communicating plan details to employees. The position requires strong analytical and organizational skills to manage benefit enrollment, resolve claims issues, and process documentation accurately. Collaboration with HR teams and external vendors is essential to maintain efficient benefits administration. Attention to detail, knowledge of relevant laws, and excellent interpersonal abilities are crucial for success in this role."
,,,
Human Resources Director,Employee Relations,M4,"Overseeing the HR department, this role develops and implements policies related to recruitment, employee relations, compensation, and organizational compliance. The position requires strong leadership skills to guide HR teams and ensure alignment with strategic company goals. Responsibilities include budgeting for HR initiatives, facilitating training programs, and ensuring adherence to labor laws and ethical standards. Candidates should possess excellent communication, decision-making, and problem-solving abilities to effectively manage workforce challenges. Experience with HR information systems and thorough knowledge of employment legislation are essential for success in this leadership capacity."
,,,
Human Resources Manager,HR Operations,M3-4,"Oversees the daily operations of employee relations, talent acquisition, and compliance with labor laws within an organization. Responsible for developing and implementing HR policies and procedures to support organizational goals and ensure a positive workplace culture. Collaborates with department leaders to address staffing needs, performance management, and professional development initiatives. Strong interpersonal, conflict resolution, and organizational skills are essential, along with a thorough understanding of employment regulations and HR best practices. Maintains confidentiality, manages sensitive information, and ensures effective communication between management and staff."
,,,
,,,
Strategic Partnerships Director,Account Management,E5,"This role leads the identification, negotiation, and management of alliances that drive organizational growth and competitive advantage. Responsibilities include developing partnership strategies, managing cross-functional teams, and aligning partnership initiatives with overall business objectives. Key skills required are business development, relationship management, strong communication, and analytical thinking. The incumbent ensures partnership performance is measured and optimized through data-driven approaches. Leadership abilities and experience in operational planning are essential for coordinating with internal stakeholders and external partners."
Technology Director,Engineering Leadership,M5,"This role oversees the planning, coordination, and execution of an organization's technology strategies and initiatives. Responsibilities include managing IT teams, developing and implementing policies for systems security and data management, and ensuring that technology investments align with business objectives. The position requires strong leadership, project management, and analytical skills, along with deep knowledge of current and emerging technologies. Collaboration with executive leadership is essential for budgeting, vendor negotiations, and strategic decision-making. Successful candidates typically hold a background in computer science or related fields, with experience in managing complex IT environments."
Email Marketing Manager,Digital Marketing,M4,"Responsible for developing and executing targeted email marketing campaigns that drive customer engagement and revenue growth. Oversees audience segmentation, content creation, A/B testing, and campaign performance analysis to ensure optimal results. Collaborates with creative, sales, and product teams to align messaging and strategy with overall business objectives. Requires strong project management, analytical, and copywriting skills, along with expertise in email automation platforms and data-driven decision making. Stays current with industry trends and compliance standards to continuously refine best practices."
,,,
,,,
Legal Counsel,Corporate Legal,P2-4,"This professional provides expert legal advice, drafts and reviews contracts, and ensures compliance with relevant laws and regulations. Responsibilities include representing the organization in negotiations, managing litigation, and advising on risk management strategies. Strong analytical and research abilities, superior communication skills, and keen attention to detail are essential. The role requires interpreting complex legal documents and statutes to guide business decisions. Collaboration with internal and external stakeholders is key to supporting organizational objectives and mitigating legal risks."
,,,
,,,
People Operations Analyst,HR Operations,P3,"This role analyzes workforce data to identify trends, optimize staffing strategies, and enhance organizational efficiency. Responsibilities include developing models to forecast talent needs, evaluating HR policies, and recommending data-driven improvements to people management processes. Proficiency in statistical analysis, data visualization tools, and HR information systems is essential for success in this position. Strong communication and problem-solving skills are required to present findings and influence decision-making among leadership. Collaborating with cross-functional teams, the individual will ensure operational strategies align with overall business objectives."
,,,
Market Research Analyst,Brand Marketing,P4,"This role involves gathering and analyzing data on consumers, competitors, and market conditions to inform business decisions. Responsibilities include designing surveys, interpreting data trends, and presenting actionable insights to management and marketing teams. Strong analytical skills, proficiency in statistical software, and the ability to communicate complex findings clearly are essential. Collaboration with product development, sales, and advertising teams is often required to implement effective marketing strategies. Attention to detail and a solid understanding of market dynamics are crucial for success in this position."
,,,
,,,
,,,
,,,
,,,
,,,
Procurement Specialist,Procurement & Purchasing,P2-4,"This role is responsible for sourcing and acquiring goods and services in accordance with organizational policies and cost efficiency goals. Key duties include evaluating suppliers, negotiating contracts, and managing purchase orders to ensure timely and accurate delivery. The position requires strong analytical skills to assess market trends and vendor performance. Effective communication and attention to detail are essential for coordinating with internal departments and external partners. Proficiency in procurement software and a solid understanding of supply chain processes are also important for success in this position."
,,,
,,,
Editor,Writing & Editing,P2,"Overseeing the content quality, this professional reviews, proofreads, and revises written materials for publication to ensure accuracy, clarity, and consistency. Responsibilities include collaborating with writers to improve grammar, structure, and style while adhering to editorial standards and publication guidelines. Strong attention to detail, excellent command of language, and the ability to work under tight deadlines are required. This role often involves fact-checking, selecting relevant materials, and making final decisions on what is published. Proficiency with editing tools and content management systems is essential to manage workflow efficiently."
Digital Marketing Specialist,Digital Marketing,P2-4,"This role is responsible for developing, implementing, and optimizing online marketing campaigns to drive brand awareness and lead generation. Tasks include conducting market research, analyzing digital trends, and interpreting campaign performance metrics to inform strategy. Proficiency with tools such as Google Analytics, SEO, PPC, and social media platforms is essential. Strong communication, analytical, and project management skills are required to coordinate efforts across teams and ensure objectives are met. The position also involves staying current with industry best practices to continuously improve digital outreach efforts."
Product Operations Manager,Product Strategy,M4,"Overseeing cross-functional teams, this role ensures seamless execution of product initiatives from conception through launch. Responsibilities include optimizing internal processes, monitoring key performance metrics, and driving continuous improvement to enhance product delivery. Strong analytical, leadership, and communication skills are essential for identifying operational bottlenecks and implementing efficient solutions. The position collaborates closely with product, engineering, and customer support departments to align operational goals with business strategy. Experience in project management and data-driven decision making is crucial for success in this leadership capacity."
Research Analyst,Scientific Research,P2-4,"This professional collects and analyzes data on consumer demographics, preferences, and market trends to help organizations make informed business decisions. Responsibilities include designing and conducting surveys, interpreting statistical information, and presenting findings through reports and visualizations. Strong analytical skills, proficiency in data analysis software, and attention to detail are essential for success in this role. Collaboration with marketing teams and other stakeholders is crucial to develop actionable recommendations. Effective communication skills are required to explain complex data insights to non-technical audiences."
Sales Operations Director,Sales Operations,M4,"Overseeing the efficiency and effectiveness of sales processes, this leadership role is responsible for developing strategies that drive revenue growth and support organizational objectives. The position manages sales analytics, forecasting, and pipeline management to ensure accurate reporting and informed decision-making. Collaborating closely with cross-functional teams, it identifies opportunities for process optimization and implements best practices across sales operations. Strong analytical skills, people management experience, and expertise in CRM systems are essential for success. This role also mentors and leads sales operations staff, fostering a high-performing team aligned with company goals."
,,,
Head of Production,Heads of Functions,E3,"Responsible for overseeing all aspects of manufacturing operations to ensure products meet company standards, cost targets, and delivery deadlines. Leads cross-functional teams, driving strategy, process optimization, and continuous improvement throughout the production lifecycle. Develops budgets, sets operational goals, and ensures compliance with safety and regulatory requirements. Uses strong leadership, communication, and analytical skills to coordinate resources and guide staff development. Collaborates closely with senior management to align production activities with overall business objectives."
,,,
Salesforce Administrator,Sales Operations,P2,"This role oversees the effective configuration, maintenance, and optimization of the Salesforce platform to support organizational objectives. Responsibilities include managing user accounts, permissions, data integrity, and implementing updates or customizations aligned with business needs. The position requires strong problem-solving abilities, technical expertise in CRM systems, and excellent communication skills for collaboration with cross-functional teams. Additionally, this professional ensures compliance with security standards and provides training or support to end-users. Experience in project management and a strategic approach to aligning technology solutions with business processes are essential."
,,,
,,,
,,,
,,,
,,,
,,,
System Designer,Software Engineering,P1,"Responsible for creating visually engaging and user-friendly digital interfaces, this role involves translating user needs and business requirements into interactive website and application layouts. The individual collaborates closely with developers and stakeholders to ensure cohesive design elements, effective navigation, and a seamless user experience. Key responsibilities include wireframing, prototyping, and optimizing web and mobile platforms for usability and accessibility. Proficiency in design tools such as Figma, Adobe XD, and an understanding of HTML/CSS are essential. Strong problem-solving abilities, attention to detail, and excellent communication skills are required to deliver high-quality digital products."
,,,
,,,
Camp Director,Community Services,M5,"Overseeing the daily operations of recreational programs, this role is responsible for managing staff, developing camp activities, and ensuring the safety and wellbeing of participants. Key duties include budgeting, recruiting and training employees, and coordinating with parents and community organizations. Strong leadership, organizational, and communication skills are essential, as is experience with youth engagement and conflict resolution. The position requires compliance with all relevant regulations and the implementation of program policies. Analytical abilities and a passion for community development further contribute to success in this managerial role."
,,,
Director of Operations,Operations Leadership,E5,"This leadership role is responsible for overseeing daily organizational operations, ensuring efficiency and high performance across all departments. The position requires strategic planning, budgeting, and the development of operational policies to achieve business objectives. Strong analytical skills and the ability to lead, develop, and motivate teams are essential. Collaboration with executives and cross-functional managers to optimize processes and solve complex problems is a key aspect. Proven experience in operations management and excellent communication abilities are crucial for success in this role."
,,,
,,,
,,,
,,,
Security Analyst,Cybersecurity,P1,"This role involves monitoring networks and systems for security breaches, investigating incidents, and responding to threats. Professionals in this position assess vulnerabilities, implement security tools, and ensure compliance with security policies. Key responsibilities include conducting risk analyses, preparing detailed incident reports, and developing strategies to minimize cyber risks. Strong analytical thinking, attention to detail, and proficiency with intrusion detection systems are essential. Effective communication and the ability to work under pressure are also required for success."
,,,
,,,
Web Marketing Specialist,Brand Marketing,P3,"This role focuses on developing, implementing, and optimizing digital marketing campaigns to boost brand awareness and drive online engagement. Responsibilities include analyzing web metrics, conducting market research, and creating content strategies tailored to target audiences. Proficiency in SEO, pay-per-click advertising, and web analytics tools is essential for measuring campaign effectiveness and identifying opportunities for improvement. Strong communication and project management skills are required to coordinate with designers, developers, and external partners. The position also involves staying up-to-date with the latest digital marketing trends and best practices to ensure competitive positioning in the marketplace."
,,,
,,,
,,,
,,,
,,,
,,,
Intern,Nursing,S3,"This role supports classroom instruction, curriculum development, and academic research within higher education environments. Responsibilities include assisting faculty with lesson preparation, grading assignments, and facilitating student learning activities. The position requires strong communication, organization, and analytical skills, as well as the ability to collaborate effectively in an academic setting. Candidates should demonstrate adaptability and a willingness to learn new teaching methodologies. Prior experience in a postsecondary academic environment and familiarity with relevant subject matter is preferred."
,,,
,,,
Content Writer,Writing & Editing,P2-5,"Responsible for researching, creating, and editing original written materials for various platforms, this professional crafts engaging and informative content tailored to target audiences. Key duties include conducting thorough topic research, developing content outlines, and adhering to specific style and brand guidelines. Strong writing, grammar, and communication skills are essential, along with the ability to adapt tone and format for different mediums, such as blogs, websites, or marketing materials. Regular collaboration with editors, designers, and subject matter experts ensures content accuracy and effectiveness. Proficiency in SEO principles and content management systems is highly valued to optimize visibility and engagement."
,,,
Sales Enablement Specialist,Field Sales,P3-4,"This role focuses on equipping sales teams with the tools, content, and training needed to drive performance and achieve revenue goals. Responsibilities include developing onboarding programs, creating sales collateral, and analyzing processes to identify opportunities for increased efficiency. Strong communication, project management, and data analysis abilities are essential for success in this position. Collaboration with marketing, product, and sales leadership is key to ensuring alignment and message consistency. The ideal candidate thrives in fast-paced environments and brings a strategic mindset to solving sales-related challenges."
People Business Partner,People Experience,P3-6,"This professional serves as a strategic advisor, collaborating with leaders to align workforce strategies with business objectives. Responsibilities include driving employee engagement, managing organizational change initiatives, and providing guidance on talent development and retention. Strong analytical skills, business acumen, and expertise in human resources practices are essential in identifying and addressing people-related challenges. Facilitating performance management processes and ensuring compliance with employment laws are key aspects of the role. Excellent communication, problem-solving abilities, and a consultative mindset are vital for building effective partnerships across the organization."
,,,
,,,
Intern,Nursing,S3,"This role supports classroom instruction, curriculum development, and academic research within higher education environments. Responsibilities include assisting faculty with lesson preparation, grading assignments, and facilitating student learning activities. The position requires strong communication, organization, and analytical skills, as well as the ability to collaborate effectively in an academic setting. Candidates should demonstrate adaptability and a willingness to learn new teaching methodologies. Prior experience in a postsecondary academic environment and familiarity with relevant subject matter is preferred."
Operations Consultant,Business Analysis & Consulting,P3-4,"This role is responsible for analyzing and improving business processes to enhance efficiency and effectiveness across various departments. The position entails evaluating organizational workflows, identifying areas for operational improvement, and developing strategic recommendations. Strong analytical, communication, and project management skills are essential, along with the ability to interpret complex data and implement solutions. Responsibilities include collaborating with cross-functional teams to drive process enhancements and monitor key performance indicators. Success in this role requires adaptability, critical thinking, and a thorough understanding of business operations."
,,,
AI Engineer,AI Engineering,P1-6,"This role focuses on designing, developing, and deploying artificial intelligence and machine learning solutions to address complex business challenges. Responsibilities include preprocessing and analyzing large datasets, building predictive models, and optimizing algorithms for performance and scalability. Proficiency in programming languages such as Python or R, knowledge of machine learning frameworks, and familiarity with cloud platforms are essential. Strong analytical, problem-solving, and data engineering skills are required to translate business requirements into effective AI solutions. Collaboration with cross-functional teams ensures successful integration of AI technologies into existing systems."
Product,Product Strategy,P4,"Responsible for overseeing daily operations, this role ensures organizational efficiency and aligns business strategies with company goals. The position manages cross-functional teams, implements process improvements, and monitors budgetary performance. Strong leadership, analytical, and problem-solving skills are essential for making data-driven decisions. This role also collaborates with department heads to optimize resource allocation and support company growth initiatives. Excellent communication and organizational abilities are required to foster a productive and compliant work environment."
Operations Manager,Operations Leadership,M2-4,"Responsible for directing daily operations, this professional oversees business processes to ensure efficiency and profitability. They develop and implement organizational policies, manage budgets, and coordinate between various departments. Strong leadership and decision-making skills are essential for guiding teams and resolving operational challenges. They are charged with setting performance goals, monitoring key metrics, and ensuring compliance with company standards and regulations. Excellent communication and organizational abilities are required to align staff and resources with strategic objectives."
Club Manager,Recreation & Entertainment,M3,"Overseeing daily operations, this role ensures a safe, welcoming, and engaging environment for club members and guests. Responsibilities include staff supervision, event planning, financial management, and maintaining facility standards. The position requires excellent leadership, organizational, and customer service skills, as well as the ability to resolve conflicts and handle administrative tasks efficiently. Collaboration with vendors, marketing, and community outreach are essential for successful membership growth and retention. Strong communication and problem-solving abilities are fundamental to fostering a positive club atmosphere and achieving business objectives."
,,,
,,,
Experience Specialist,People Experience,P3,"This role designs, delivers, and evaluates training programs to enhance employee engagement and customer service skills. Responsibilities include assessing learning needs, developing interactive training materials, and facilitating workshops or one-on-one coaching sessions. Strong communication, presentation, and interpersonal skills are essential, as is the ability to adapt instructional techniques for diverse audiences. The position requires analytical abilities to measure training effectiveness and recommend improvements. Collaboration with management and other departments ensures alignment of activities with organizational goals."
,,,
,,,
,,,
Intern,Nursing,S3,"This role supports classroom instruction, curriculum development, and academic research within higher education environments. Responsibilities include assisting faculty with lesson preparation, grading assignments, and facilitating student learning activities. The position requires strong communication, organization, and analytical skills, as well as the ability to collaborate effectively in an academic setting. Candidates should demonstrate adaptability and a willingness to learn new teaching methodologies. Prior experience in a postsecondary academic environment and familiarity with relevant subject matter is preferred."
Customer Success Representative,Customer Success Management,P4,"This role focuses on assisting clients by addressing inquiries, resolving concerns, and ensuring customer satisfaction throughout their engagement with the company's products or services. Responsibilities include onboarding new clients, guiding them through best practices, and providing ongoing support via email, phone, or chat. Success in this position requires strong communication and interpersonal skills, as well as the ability to troubleshoot and problem-solve effectively. Attention to detail and a strong commitment to delivering a positive customer experience are essential. Familiarity with CRM systems and the ability to manage multiple tasks efficiently are important for excelling in this client-facing, service-oriented environment."
Legal Counsel,Corporate Legal,P4,"This professional provides expert legal advice, drafts and reviews contracts, and ensures compliance with relevant laws and regulations. Responsibilities include representing the organization in negotiations, managing litigation, and advising on risk management strategies. Strong analytical and research abilities, superior communication skills, and keen attention to detail are essential. The role requires interpreting complex legal documents and statutes to guide business decisions. Collaboration with internal and external stakeholders is key to supporting organizational objectives and mitigating legal risks."
,,,
,,,
,,,
,,,
Revenue Operations Manager,Accounting,M3-4,"This role oversees the alignment and optimization of sales, marketing, and customer success processes to maximize revenue growth. Responsibilities include implementing data-driven strategies, managing financial forecasting, and streamlining reporting systems. Strong analytical skills, project management experience, and excellent communication abilities are essential. The position requires collaboration across departments to drive operational efficiency and ensure business objectives are met. A proactive approach to identifying opportunities for process improvement is vital for success."
,,,
,,,
,,,
,,,
,,,
,,,
Employment Specialist,HR Operations,P3-4,"This professional assists individuals in finding and securing suitable employment opportunities by conducting thorough assessments of their skills and career interests. They collaborate with employers to identify job openings and match candidates to appropriate positions. Strong communication, interviewing, and counseling abilities are essential to guide job seekers through resume development, job searching, and application processes. Additionally, they track employment outcomes and maintain accurate records to ensure compliance with organizational and regulatory standards. Success in this role requires analytical thinking, attention to detail, and knowledge of current labor market trends."
Quality Assurance Manager,Quality Assurance,M4,"Overseeing all aspects of product quality, this role ensures manufacturing processes meet established standards and comply with regulations. Responsibilities include developing and implementing quality control systems, supervising quality assurance teams, and collaborating with production managers to resolve issues. The position requires strong analytical skills, attention to detail, and proficiency in root cause analysis and process improvement methodologies. Effective communication and leadership abilities are essential for training staff and fostering a culture of continuous improvement. Familiarity with industry standards and regulatory guidelines is critical to maintain compliance and drive operational excellence."
Project Management Office Manager,PMO & Portfolio,M3-4,"Overseeing the coordination and execution of multiple projects, this role is responsible for setting project management standards, methodologies, and best practices across the organization. The individual leads the project management team, ensuring alignment with organizational goals, optimal resource allocation, and on-time delivery of project objectives. Key responsibilities include developing process improvements, monitoring project progress, and reporting performance metrics to senior leadership. Strong leadership, communication, and organizational skills are essential, along with expertise in risk management and proficiency in project management software. This position supports strategic decision-making by providing accurate project documentation and maintaining compliance with industry standards."
,,,
Customer Service Director,Client Experience,M5,"Overseeing the strategic direction and daily operations of customer support teams, this leader ensures exceptional service standards and customer satisfaction. They develop and implement policies, manage budgets, and analyze performance metrics to drive continuous improvement. Skilled in conflict resolution, communication, and team leadership, they coordinate cross-departmental initiatives to enhance the customer journey. Responsibilities include hiring, training, and mentoring staff, as well as handling escalated issues and maintaining key client relationships. The position requires strong decision-making abilities and experience in managing complex service environments."
Backend Engineer,Engineering,P3,"Designs and implements server-side systems, APIs, and data layers; partners with product and QA to ship reliable features."
Frontend Engineer,Engineering,P3,"Builds responsive web UI, collaborates with design on component systems, and maintains front-end performance and accessibility."
Security Engineer,Engineering,T4,"Hardens applications and infrastructure, leads vulnerability assessments, and partners with IT on security controls."
Technical Writer,Engineering,P2,"Produces developer and customer-facing documentation, release notes, and internal playbooks."
Solutions Engineer,Engineering,P4,"Supports pre-sales technical discovery, proofs of concept, and integration design with customer engineering teams."
Business Development Representative,Sales,S2,"Qualifies inbound and outbound leads, books qualified meetings for account executives, and maintains CRM hygiene."
Channel Account Manager,Sales,P3,"Manages partner-sourced pipeline, co-sell motions, and revenue forecasting with alliance organizations."
Sales Operations Analyst,Sales,P2,"Owns reporting, forecasting hygiene, territory planning support, and sales tooling administration."
Renewals Specialist,Customer Success,P3,"Drives subscription renewals, risk mitigation, and expansion plays with assigned accounts."
Onboarding Specialist,Customer Success,P2,"Leads new-customer kickoffs, training, and time-to-value milestones in the first ninety days."
Customer Education Manager,Customer Success,M2,"Builds scalable training programs, office hours, and certification content for customers."
Demand Generation Manager,Marketing,P3,"Runs integrated campaigns, nurtures, and pipeline programs aligned with revenue targets."
Marketing Operations Specialist,Marketing,P2,"Administers marketing automation, attribution, and list governance across the funnel."
Brand Designer,Marketing,P3,"Creates visual systems, campaign assets, and brand guidelines for cross-channel execution."
Corporate Controller,Finance,M3,"Leads accounting close, technical accounting, and financial reporting for the enterprise."
Payroll Analyst,Finance,P2,"Processes payroll cycles, reconciles liabilities, and partners with HR on compensation changes."
Accounts Payable Specialist,Finance,S2,"Reviews invoices, manages vendor payments, and supports month-end accruals."
Talent Acquisition Partner,Human Resources,P3,"Full-cycle recruiting for technical and GTM roles; partners with hiring managers on workforce planning."
HR Generalist,Human Resources,P2,"Supports employee relations, policy questions, and HR programs for assigned business units."
Learning & Development Specialist,Human Resources,P3,"Designs role-based curricula and facilitates workshops for managers and individual contributors."
People Operations Analyst,Human Resources,P2,"Maintains HRIS data quality, workflows, and people analytics reporting for HR and leaders."
Supply Chain Analyst,Operations,P3,"Models inventory, coordinates with vendors, and monitors fulfillment KPIs."
Facilities Coordinator,Operations,S2,"Coordinates office services, vendor relationships, and workplace safety communications."
Business Operations Manager,Operations,M2,"Runs cross-functional operating rhythms, OKR tracking, and executive program management."
IT Support Specialist,IT,S2,"Provides tier-one support for hardware, access, and common SaaS applications."
Systems Engineer,IT,T3,"Maintains core infrastructure, patching, monitoring, and incident response with the engineering org."
Product Design Intern,Product Design,P1,"Supports research synthesis, design explorations, and component documentation under design team mentorship."
UX Researcher,Product Design,P3,"Plans and runs qualitative studies, usability tests, and insight readouts for product teams."
Technical Product Manager,Product Management,P4,"Owns platform or API roadmaps with deep engineering partnership and adoption metrics."
Product Operations Manager,Product Management,P3,"Implements tooling, rituals, and metrics to scale how product teams plan and ship."
Backend Engineer,Engineering,P3,"Designs and implements server-side systems, APIs, and data layers; partners with product and QA to ship reliable features."
Frontend Engineer,Engineering,P3,"Builds responsive web UI, collaborates with design on component systems, and maintains front-end performance and accessibility."
Security Engineer,Engineering,T4,"Hardens applications and infrastructure, leads vulnerability assessments, and partners with IT on security controls."
Technical Writer,Engineering,P2,"Produces developer and customer-facing documentation, release notes, and internal playbooks."
Solutions Engineer,Engineering,P4,"Supports pre-sales technical discovery, proofs of concept, and integration design with customer engineering teams."
Business Development Representative,Sales,S2,"Qualifies inbound and outbound leads, books qualified meetings for account executives, and maintains CRM hygiene."
Channel Account Manager,Sales,P3,"Manages partner-sourced pipeline, co-sell motions, and revenue forecasting with alliance organizations."
Sales Operations Analyst,Sales,P2,"Owns reporting, forecasting hygiene, territory planning support, and sales tooling administration."
Renewals Specialist,Customer Success,P3,"Drives subscription renewals, risk mitigation, and expansion plays with assigned accounts."
Onboarding Specialist,Customer Success,P2,"Leads new-customer kickoffs, training, and time-to-value milestones in the first ninety days."
Customer Education Manager,Customer Success,M2,"Builds scalable training programs, office hours, and certification content for customers."
Demand Generation Manager,Marketing,P3,"Runs integrated campaigns, nurtures, and pipeline programs aligned with revenue targets."
Marketing Operations Specialist,Marketing,P2,"Administers marketing automation, attribution, and list governance across the funnel."
Brand Designer,Marketing,P3,"Creates visual systems, campaign assets, and brand guidelines for cross-channel execution."
Corporate Controller,Finance,M3,"Leads accounting close, technical accounting, and financial reporting for the enterprise."
Payroll Analyst,Finance,P2,"Processes payroll cycles, reconciles liabilities, and partners with HR on compensation changes."
Accounts Payable Specialist,Finance,S2,"Reviews invoices, manages vendor payments, and supports month-end accruals."
Talent Acquisition Partner,Human Resources,P3,"Full-cycle recruiting for technical and GTM roles; partners with hiring managers on workforce planning."
HR Generalist,Human Resources,P2,"Supports employee relations, policy questions, and HR programs for assigned business units."
Learning & Development Specialist,Human Resources,P3,"Designs role-based curricula and facilitates workshops for managers and individual contributors."
People Operations Analyst,Human Resources,P2,"Maintains HRIS data quality, workflows, and people analytics reporting for HR and leaders."
Supply Chain Analyst,Operations,P3,"Models inventory, coordinates with vendors, and monitors fulfillment KPIs."
Facilities Coordinator,Operations,S2,"Coordinates office services, vendor relationships, and workplace safety communications."
Business Operations Manager,Operations,M2,"Runs cross-functional operating rhythms, OKR tracking, and executive program management."
IT Support Specialist,IT,S2,"Provides tier-one support for hardware, access, and common SaaS applications."
Systems Engineer,IT,T3,"Maintains core infrastructure, patching, monitoring, and incident response with the engineering org."
Product Design Intern,Product Design,P1,"Supports research synthesis, design explorations, and component documentation under design team mentorship."
UX Researcher,Product Design,P3,"Plans and runs qualitative studies, usability tests, and insight readouts for product teams."
Technical Product Manager,Product Management,P4,"Owns platform or API roadmaps with deep engineering partnership and adoption metrics."
Product Operations Manager,Product Management,P3,"Implements tooling, rituals, and metrics to scale how product teams plan and ship."